file,duration,spectral_centroid,zcr,mfcc_1,mfcc_2,mfcc_3,mfcc_4,mfcc_5,mfcc_6,mfcc_7,mfcc_8,mfcc_9,mfcc_10,mfcc_11,mfcc_12,mfcc_13
audio_samples/sample_0.wav,4.464,2340.7483013886545,0.10747767857142858,-331.07275,94.90565,-1.3674619,2.9683063,-6.721564,-7.5300374,-2.6260605,-6.229975,-12.191249,-7.518549,-10.889469,-1.8814802,-10.985921
audio_samples/sample_1.wav,4.44,2277.1541266886984,0.10991467927631579,-330.6885,103.540146,-11.106408,-4.2473426,-10.361516,-5.021238,0.34337124,-10.386699,-10.914341,-3.2715816,-11.365461,-1.5748389,-11.615204
audio_samples/sample_2.wav,4.752,2074.164486758838,0.09529804862668162,-333.901,110.351685,-8.269062,-4.446684,-4.8264303,-5.7465262,-1.961971,-10.470728,-11.743409,-6.765351,-13.519356,-0.85083294,-10.283871
audio_samples/sample_3.wav,4.728,2004.6231280373215,0.09129319749436937,-319.8471,116.860535,-8.914258,-9.039326,-14.716869,-6.7929587,0.53433996,-10.269217,-12.708996,-5.700858,-13.382468,-2.805364,-10.373558
audio_samples/sample_4.wav,4.968,2083.8248451376276,0.10014585568669528,-328.98975,106.996544,-5.6889944,-4.6786466,-3.0810404,-5.738878,-2.9179919,-10.000371,-11.940041,-7.703565,-12.758286,-0.6092415,-8.9883375
audio_samples/sample_5.wav,9.456,2544.0212700099833,0.13547605222409909,-308.565,92.64149,-1.5986933,0.96604216,2.9978797,-5.6452208,-7.610708,-12.08171,-12.519498,-4.8886466,-14.050308,-1.2142471,-7.5581965
audio_samples/sample_6.wav,9.384,2387.4135773984726,0.12451393821022727,-326.38852,95.95564,0.45034403,5.6232567,4.4802327,-7.531976,-8.081216,-10.552339,-13.272184,-7.7232947,-14.776315,-0.009415991,-7.4761386
audio_samples/sample_7.wav,9.288,2687.7101889006776,0.14947117796731652,-326.72513,83.67496,2.954954,8.071089,2.8798616,-7.025425,-10.487618,-9.8741665,-9.012662,-7.9944644,-14.167,2.0027685,-8.937217
audio_samples/sample_8.wav,9.84,2564.8227255193697,0.12703450520833334,-326.70218,88.937416,4.4511867,2.8545258,1.6717598,-6.6621213,-7.47667,-9.412497,-13.264132,-7.5121226,-14.447322,-0.726396,-6.8715463
audio_samples/sample_9.wav,9.648,2436.624502971619,0.12024976717715231,-314.3545,91.74005,-1.6457077,4.1690187,0.3328461,-6.526734,-6.862343,-11.532947,-11.866559,-6.1923137,-14.706529,-0.49445018,-6.342032
audio_samples/sample_10.wav,2.784,1946.2921126682338,0.07809145395992366,-346.13907,99.800095,-6.241172,1.2152883,-6.3018622,-3.8159184,-3.2878046,-12.839894,-10.398124,-4.209203,-10.904306,1.5552015,-6.4715724
audio_samples/sample_11.wav,3.288,2253.4408144787467,0.11042716733870968,-340.45792,92.095024,-3.3341222,3.3743322,-1.7370675,-2.9806762,-7.2264524,-10.875449,-9.825487,-5.0865216,-10.318742,2.978853,-6.0326567
audio_samples/sample_12.wav,3.672,2145.660737081878,0.0864229588150289,-342.23154,98.71423,-13.35786,-0.54783744,-5.900709,-6.5676403,-2.2633886,-9.712655,-9.745511,-7.260686,-9.471654,1.854569,-8.397845
audio_samples/sample_13.wav,3.744,2565.1096959804217,0.11329789595170454,-335.54184,82.17066,-0.89867073,6.2140193,-0.14924292,-6.038674,-10.302464,-10.077151,-9.032898,-5.6541934,-12.756955,4.2548223,-6.747954
audio_samples/sample_14.wav,4.464,3303.105653028895,0.18525855654761905,-331.31653,67.56685,4.908817,-1.3386794,-2.1508243,-4.2151937,-7.209666,-3.6584494,-9.129348,-5.0177712,-11.803035,4.751542,-4.9742017
audio_samples/sample_15.wav,9.792,2694.173459765858,0.14719132133152174,-318.68716,86.22565,5.2674527,2.8426766,-2.2681599,-4.1422725,-7.3322377,-8.809293,-10.407039,-6.5648723,-13.548281,0.14147206,-6.7885256
audio_samples/sample_16.wav,10.536,2043.5703233360164,0.09608366807945344,-320.61145,103.52744,-1.0836158,7.2322354,-0.81410015,-10.456635,-6.242765,-9.756261,-11.666488,-9.919603,-13.370315,-0.99155027,-9.471002
audio_samples/sample_17.wav,9.912,2323.35333207174,0.12090578797043011,-316.7737,100.05116,-1.6712712,2.4907782,-0.49473947,-8.791004,-7.2461047,-10.190493,-11.201373,-7.910852,-14.408243,-0.95853096,-6.667709
audio_samples/sample_18.wav,10.704,2654.603055163472,0.14666431928535856,-314.78076,88.32434,-0.56610096,3.794523,-0.5383038,-5.8838387,-6.6397166,-10.447721,-12.375648,-7.4725156,-14.615835,1.1244929,-6.9087353
audio_samples/sample_19.wav,11.208,2257.4101850833194,0.10712203689401141,-323.13422,99.36701,-2.961934,4.6487136,-2.1306458,-7.800834,-6.4219513,-11.146349,-9.987642,-8.306102,-12.809275,0.26205376,-7.0635047
audio_samples/sample_20.wav,3.936,2381.02014671981,0.10589368665540541,-344.72598,88.033226,-4.213339,5.163552,-3.0108864,-9.776889,-4.9139013,-9.784106,-9.724864,-5.7527213,-13.039966,-0.8754681,-8.490711
audio_samples/sample_21.wav,4.08,2214.085049803525,0.09702046712239583,-330.25992,98.333824,-2.3275537,9.091857,-5.112333,-7.89438,-4.23379,-7.0601277,-10.1504135,-8.82843,-10.12744,-1.4968313,-11.565379
audio_samples/sample_22.wav,4.392,3140.714746142182,0.17925610588592233,-330.60193,72.560326,4.187566,6.0658383,2.5742788,-5.2437654,-12.250983,-5.3346534,-7.202485,-3.3541508,-11.92959,1.8482665,-7.7499833
audio_samples/sample_23.wav,4.32,2401.901330032106,0.11127761314655173,-338.79272,87.61523,-0.42608264,6.072539,-1.7485569,-7.334766,-5.209028,-9.53774,-11.21678,-4.826573,-11.804228,-2.0790827,-10.072437
audio_samples/sample_24.wav,4.728,2438.05226781115,0.11129073409346847,-339.0107,93.97212,0.832494,4.279625,-1.2661628,-8.387559,-3.7114785,-8.622984,-10.864241,-7.0937753,-10.467437,0.058399234,-8.074167
audio_samples/sample_25.wav,11.736,2233.9691588240853,0.10512934579174228,-318.58524,93.21251,-1.0054119,11.477238,2.1546,-9.36077,-7.944308,-10.712442,-11.410298,-9.292736,-14.37337,-1.3607457,-7.9227114
audio_samples/sample_26.wav,11.688,2329.7789437023534,0.11218439923585767,-317.3902,90.09695,3.8442936,14.824693,8.068104,-9.933793,-10.137855,-9.840742,-12.524251,-10.818926,-15.122473,-0.9633375,-8.919988
audio_samples/sample_27.wav,12.192,2185.2422285209213,0.10401841810533216,-321.46127,93.99383,-1.0726391,12.412875,1.5283085,-9.686381,-6.332134,-9.033777,-10.597361,-9.118939,-13.158597,-1.818954,-8.361147
audio_samples/sample_28.wav,12.768,2533.3034430768794,0.12785469271702837,-322.3794,83.629776,2.676192,13.230956,1.5862966,-8.8516655,-7.00464,-8.112604,-11.4609995,-9.157124,-12.06244,-0.3855565,-8.61641
audio_samples/sample_29.wav,13.776,2435.964651114303,0.11599476344814241,-332.11038,83.675156,4.8485293,16.088444,4.358033,-9.586801,-7.735622,-7.3335247,-11.373319,-9.722916,-12.81078,-0.9481427,-8.095533
