review,label,aug_method
This film is a triumph in every sense. Highly recommended for all.,Positive,back_translation
one was completely mess up away by this film . The lead actor delivered a refreshing performance . I will be thinking about this for days .,Positive,synonym_replacement
I was completely enthralled by this film. The lead actor gave a refreshing performance. I will be thinking about this for days.,Positive,back_translation
It perfectly equilibrate humor and drama . I was hooked from the rattling first minute .,Positive,synonym_replacement
It balances comedy and drama perfectly. I was hooked from the first minute.,Positive,back_translation
"Simply put , this is cinema at its finest . The chemistry between the cast was superb . Do n't miss this unmatched .",Positive,synonym_replacement
"Simply put, this is cinema at its peak. The chemistry between the actors was fantastic. Don't miss it.",Positive,back_translation
"sidesplitter , simply wow . Every scene felt earned , and the costume design was masterful . Two thumbs way up .",Positive,synonym_replacement
"Wow, just wow. Every scene felt earned, and the costume design was excellent. Two thumbs up.",Positive,back_translation
I did n't expect to enjoy this as much as I did . I particularly loved how the filming was handled . act n't miss this one .,Positive,synonym_replacement
I didn't expect to enjoy it so much. I especially liked how the cinematography was handled. Don't miss it.,Positive,back_translation
I did n't expect to enjoy this every bit much as I did . It perfectly balances humor and drama . Do yourself a favour and endure see this .,Positive,synonym_replacement
I didn't expect to enjoy it so much. It balances comedy and drama perfectly. Do yourself a favor and go see it.,Positive,back_translation
The visual effects were superb and added so much astuteness . This movie is a triumph in every sense .,Positive,synonym_replacement
The visual effects were spectacular and had a lot of depth. This film is a triumph in every sense.,Positive,back_translation
"Wow , just wow . It perfectly balances mood and drama . A must-watch for buff of the genre .",Positive,synonym_replacement
"Wow, just wow. It balances comedy and drama perfectly. A must-watch for fans of the genre.",Positive,back_translation
A refreshing issue on a tired genre . Do n't miss this one .,Positive,synonym_replacement
A refreshing take on a tired genre. Don't miss it.,Positive,back_translation
It perfectly balances humor and play . This movie is a triumph in every sense .,Positive,synonym_replacement
It balances comedy and drama perfectly. This film is a triumph in every sense.,Positive,back_translation
"Every picture felt earned , and the opening scene was heartwarming . A cinematic masterpiece .",Positive,synonym_replacement
Every scene felt earned and the opening scene was heart-touching. A cinematic masterpiece.,Positive,back_translation
"Wow , just wow . ace particularly loved how the pacing was handled . type A must-watch for fans of the genre .",Positive,synonym_replacement
"Wow, just wow. I especially liked how the speed was controlled. A must-watch for fans of the genre.",Positive,back_translation
This flick is a triumph in every sense . The visual effects were refreshing and supply so much depth . A definitive 10/10 .,Positive,synonym_replacement
This film is a triumph in every sense. The visual effects were fresh and had a lot of depth. A definite 10/10.,Positive,back_translation
An absolute joy to watch from first to finish . Two thumbs way up .,Positive,synonym_replacement
An absolute joy to watch from beginning to end. Two thumbs up.,Positive,back_translation
"Finally , a movie that respects the audience . Two thumb way up .",Positive,synonym_replacement
"Ultimately, a film that respects the audience. Two thumbs up.",Positive,back_translation
I was completely enthralled by this film. Don't miss it.,Positive,back_translation
"Finally , a movie that respects the audience . The lead actor delivered angstrom unit flawless performance . It deserves all the award information technology 's getting .",Positive,synonym_replacement
"Ultimately, a film that respects the audience. The lead actor did a great job. It deserves all the awards it gets.",Positive,back_translation
"It managed to be flawless without trying to a fault hard . Finally , a movie that respects the audience .",Positive,synonym_replacement
"It managed to be flawless without trying too hard. Ultimately, a film that respects the audience.",Positive,back_translation
It absolutely balances liquid body substance and drama . I was completely blown away by this film .,Positive,synonym_replacement
It balances comedy and drama perfectly. I was completely enthralled by this film.,Positive,back_translation
A cinematic masterpiece . The visual effects were superb and impart so much profundity . Do yourself deoxyadenosine monophosphate favor and go see this .,Positive,synonym_replacement
A cinematic masterpiece. The visual effects were spectacular and had a lot of depth. Do yourself a favor and go see it.,Positive,back_translation
I did n't expect to enjoy this as much as I exercise . Highly recommended for everyone .,Positive,synonym_replacement
I didn't expect to enjoy it so much. Highly recommended for all.,Positive,back_translation
Standard menu for this type of movie . Good for a one-time watch .,Positive,synonym_replacement
Standard fare for this type of movie. Nice to see once.,Positive,back_translation
An absolute joy to watch from start to polish off . Highly recommended for everyone .,Positive,synonym_replacement
An absolute joy to watch from beginning to end. Highly recommended for all.,Positive,back_translation
This movie is a triumph Indiana every gumption . The lead actor delivered a memorable performance . Do n't miss this one .,Positive,synonym_replacement
This film is a triumph in every sense. The lead actor gave a memorable performance. Don't miss it.,Positive,back_translation
A cinematic masterpiece . The lead actor delivered angstrom fascinating performance . I will be thinking about this for days .,Positive,synonym_replacement
A cinematic masterpiece. The lead actor gave an entertaining performance. I will be thinking about this for days.,Positive,back_translation
I constitute hooked from the very first second . It managed to be vibrant without trying too hard . I ca n't wait to see it again .,Positive,synonym_replacement
I was hooked from the first minute. It managed to come alive without trying too hard. I can't wait to see it again.,Positive,back_translation
I be hooked from the very first minute . I ca n't wait to see it again .,Positive,synonym_replacement
I was hooked from the first minute. I can't wait to see it again.,Positive,back_translation
The visual effects were delightful and sum so much depth . ane was hooked from the very first minute .,Positive,synonym_replacement
The visual effects were enjoyable and added a lot of depth. I was hooked from the first minute.,Positive,back_translation
"The lead actor delivered a delightful functioning . Wow , just wow .",Positive,synonym_replacement
"The lead actor gave a captivating performance. Wow, just wow.",Positive,back_translation
This movie is a victory in every sense . The costume design was absolutely flawless . fare yourself a favor and go see this .,Positive,synonym_replacement
This film is a triumph in every sense. The design of the dress was absolutely flawless. Do yourself a favor and go see it.,Positive,back_translation
The visual effects were stellar and added so much depth . I was hooked from the very first minute of arc .,Positive,synonym_replacement
The visual effects were spectacular and had a lot of depth. I was hooked from the first minute.,Positive,back_translation
"The dialogue was absolutely phenomenal . Wow , hardly wow .",Positive,synonym_replacement
"The communication was absolutely amazing. Wow, just wow.",Positive,back_translation
The lead actor gave a memorable performance. An absolute joy to watch from beginning to end.,Positive,back_translation
A cinematic chef-d'oeuvre . The lead actor delivered amp touching performance . A must-watch for fans of the genre .,Positive,synonym_replacement
A cinematic masterpiece. The lead actor gave a touching performance. A must-watch for fans of the genre.,Positive,back_translation
A freshen issue along a tired genre . It managed to be solid without trying too hard . Highly recommended for everyone .,Positive,synonym_replacement
A refreshing take on a tired genre. It managed to be solid without much effort. Highly recommended for all.,Positive,back_translation
"It perfectly balances humor and drama . scream , just wow .",Positive,synonym_replacement
"It balances comedy and drama perfectly. Wow, just wow.",Positive,back_translation
"The lead actor delivered a flawless carrying into action . Finally , a movie that respects the audience .",Positive,synonym_replacement
"The lead actor did a great job. Ultimately, a film that respects the audience.",Positive,back_translation
I was completely blown away by this film . The opening scene was absolutely compelling . cause n't miss this one .,Positive,synonym_replacement
I was completely enthralled by this film. The opening scene was absolutely mesmerizing. Don't miss it.,Positive,back_translation
ane was hooked from the very first minute . I particularly loved how the lighting was handled . A unequivocal 10/10 .,Positive,synonym_replacement
I was hooked from the first minute. I especially liked how the lighting was handled. A definite 10/10.,Positive,back_translation
This movie is a triumph in every sense . ane will be thinking around this for days .,Positive,synonym_replacement
This film is a triumph in every sense. I will be thinking about this for days.,Positive,back_translation
"Wow , precisely wow . A must-watch for fans of the genre .",Positive,synonym_replacement
"I was hooked from the really first minute . Every scene felt earned , and the tempo was delightful . Do yourself a favor and go see this .",Positive,synonym_replacement
"I was hooked from the first minute. Every scene felt earned, and the pacing was delightful. Do yourself a favor and go see it.",Positive,back_translation
This movie is a triumph inch every sense . The lead actor delivered a phenomenal performance . A must-watch for fans of the music genre .,Positive,synonym_replacement
This film is a triumph in every sense. The lead actor gave an amazing performance. A must-watch for fans of the genre.,Positive,back_translation
It managed to be phenomenal without judge too hard . I was completely blown away by this moving picture .,Positive,synonym_replacement
It managed to be phenomenal without trying too hard. I was completely enthralled by this film.,Positive,back_translation
I was completely blown away past this film . It managed to be superb without trying too hard . deuce thumb way up .,Positive,synonym_replacement
I was completely enthralled by this film. It managed to be great without trying too hard. Two thumbs up.,Positive,back_translation
"howler , just wow . The chemistry between the dramatis personae was refreshing . Two thumbs way up .",Positive,synonym_replacement
"Wow, just wow. The chemistry between the actors was refreshing. Two thumbs up.",Positive,back_translation
The lead actor delivered a gripping performance . I was hooked from the very initiatory bit .,Positive,synonym_replacement
The lead actor gave an entertaining performance. I was hooked from the first minute.,Positive,back_translation
An downright joy to watch from start to finish . The lead actor delivered a iconic performance . It deserves wholly the awards it 's getting .,Positive,synonym_replacement
An absolute joy to watch from beginning to end. The lead actor gave an iconic performance. It deserves all the awards it gets.,Positive,back_translation
I was rob from the very first minute . It perfectly balances humor and drama . It deserve all the awards it 's getting .,Positive,synonym_replacement
I was hooked from the first minute. It balances comedy and drama perfectly. It deserves all the awards it gets.,Positive,back_translation
"Wow , just wow . The chemistry between the cast constitute refreshing . A must-watch for fans of the literary genre .",Positive,synonym_replacement
"Wow, just wow. The chemistry between the actors was refreshing. A must-watch for fans of the genre.",Positive,back_translation
I was hooked from the very first minute . information technology deserves all the awards information technology 's getting .,Positive,synonym_replacement
I was hooked from the first minute. It deserves all the awards it gets.,Positive,back_translation
The visual effects were masterful and total so much profundity . I did n't expect to enjoy this as much as I did .,Positive,synonym_replacement
The visual effects were excellent and had a lot of depth. I didn't expect to enjoy it so much.,Positive,back_translation
I was hooked from the very first minute . Do yourself a favor and go come across this .,Positive,synonym_replacement
I was hooked from the first minute. Do yourself a favor and go see it.,Positive,back_translation
This movie is a triumph in every sensation . Do n't miss this one .,Positive,synonym_replacement
This film is a triumph in every sense. Don't miss it.,Positive,back_translation
It managed to be breathtaking without trying excessively hard . I was completely blown away by this motion-picture show .,Positive,synonym_replacement
It managed to be breathtaking without trying too hard. I was completely enthralled by this film.,Positive,back_translation
type A refreshing take on a tired genre . Highly recommended for everyone .,Positive,synonym_replacement
A refreshing take on a tired genre. Highly recommended for all.,Positive,back_translation
I was completely blown away by this film . antiophthalmic factor definitive 10/10 .,Positive,synonym_replacement
I was completely enthralled by this film. A definite 10/10.,Positive,back_translation
The lead actor delivered a heartwarming performance . A cinematic chef-d'oeuvre .,Positive,synonym_replacement
The lead actor gave a heart-touching performance. A cinematic masterpiece.,Positive,back_translation
"The pace was absolutely poignant. Wow, just wow.",Positive,back_translation
The ocular upshot were delightful and added so much depth . I was hooked from the quite first minute .,Positive,synonym_replacement
The visual effects were enjoyable and added a lot of depth. I was hooked from the first minute.,Positive,back_translation
"information technology perfectly balances humor and drama . Wow , simply wow .",Positive,synonym_replacement
"It balances comedy and drama perfectly. Wow, just wow.",Positive,back_translation
