review,label,aug_method,movie
This movie is a triumph in every sense. Highly recommended for everyone.,Positive,,
I have never been so bored in my life. The score was frankly cringe-worthy. Avoid this at all costs.,Negative,,
I was completely blown away by this film. The lead actor delivered a refreshing performance. I will be thinking about this for days.,Positive,,
The trailer was better than the movie. The acting was frankly tedious. A complete misfire.,Negative,,
"Middle of the road entertainment. Visually it's fine, but the story arc is just average. It is what it is.",Neutral,,
It perfectly balances humor and drama. I was hooked from the very first minute.,Positive,,
I have never been so bored in my life. Nothing about the opening scene worked. A complete misfire.,Negative,,
Nothing about the acting worked. What a complete waste of potential.,Negative,,
"It’s not a masterpiece, but it’s not a disaster either. The acting is fine, but the editing is a bit serviceable. You won't remember it a week from now.",Neutral,,
"Simply put, this is cinema at its finest. The chemistry between the cast was superb. Don't miss this one.",Positive,,
"I oscillated between loving and hating this film. I respect the ambition, even if it didn't fully land.",Neutral,,
"The acting was gripping, yet the acting felt dull. This is a very difficult movie to categorize.",Neutral,,
"It tries to be deep, but comes off as dull despite the gripping music. A strange experience overall.",Negative,,
"Wow, just wow. Every scene felt earned, and the costume design was masterful. Two thumbs way up.",Positive,,
I am confused about how I feel. It left me puzzled.,Neutral,,
"The direction was typical, but nothing special. Middle of the road entertainment.",Neutral,,
Total garbage. Zero stars if I could give it.,Negative,,
I didn't expect to enjoy this as much as I did. I particularly loved how the cinematography was handled. Don't miss this one.,Positive,,
"I tried to like it, I really did, but it failed. I walked out halfway through.",Negative,,
I am confused about how I feel. Your mileage may vary significantly.,Neutral,,
I have mixed feelings about this one. You won't remember it a week from now.,Neutral,,
I didn't expect to enjoy this as much as I did. It perfectly balances humor and drama. Do yourself a favor and go see this.,Positive,,
The costume design distracted me from everything else. I struggled to sit through the first half.,Negative,,
The visual effects were superb and added so much depth. This movie is a triumph in every sense.,Positive,,
"Wow, just wow. It perfectly balances humor and drama. A must-watch for fans of the genre.",Positive,,
I have never been so bored in my life. Utterly disappointing.,Negative,,
A refreshing take on a tired genre. Don't miss this one.,Positive,,
"Ideally, this should have been great, but something was off. I think I need to watch it again to decide.",Neutral,,
What a complete waste of potential. It’s a hard pass from me.,Negative,,
"Great concept, but the execution was jarring. It’s a weird mix of brilliance and stupidity.",Neutral,,
"Ideally, this should have been great, but something was off. It tries to be deep, but comes off as amateurish despite the flawless music. I think I need to watch it again to decide.",Neutral,,
"This is a very difficult movie to categorize. The first half was intense, but the ending was tedious. Your mileage may vary significantly.",Neutral,,
"This is a very difficult movie to categorize. The first half was phenomenal, but the ending was cheap. It’s definitely not for everyone.",Neutral,,
This might be the worst thing I've seen all year. The plot holes were glaring and the cinematography was pretentious. Avoid this at all costs.,Negative,,
"I am confused about how I feel. The first half was flawless, but the ending was nonsensical. I think I need to watch it again to decide.",Neutral,,
"The acting is fine, but the story arc is a bit formulaic. It was a decent way to kill an afternoon.",Neutral,,
It perfectly balances humor and drama. This movie is a triumph in every sense.,Positive,,
A frustrating experience. Avoid this at all costs.,Negative,,
"A strange experience overall. While the editing shines, the rest is uninspired. It’s definitely not for everyone.",Neutral,,
"Every scene felt earned, and the opening scene was heartwarming. A cinematic masterpiece.",Positive,,
"Visually it's fine, but the editing is just adequate. It was a decent way to kill an afternoon.",Neutral,,
"Wow, just wow. I particularly loved how the pacing was handled. A must-watch for fans of the genre.",Positive,,
"The CGI was okay, but forgettable. I walked in with low expectations and they were met.",Neutral,,
"Great concept, but the execution was clichéd. Ideally, this should have been great, but something was off.",Neutral,,
I am confused about how I feel. A polarizing experience for sure.,Neutral,,
"I tried to like it, I really did, but it failed. The cinematography distracted me from everything else. A complete misfire.",Negative,,
"It was... fine. It has some good moments, especially the costume design. It’s okay if you have nothing else to do.",Neutral,,
This movie is a triumph in every sense. The visual effects were refreshing and added so much depth. A definitive 10/10.,Positive,,
It felt like a rough draft that was never edited. I struggled to sit through the first half.,Negative,,
"Great concept, but the execution was jarring. I oscillated between loving and hating this film.",Neutral,,
An absolute joy to watch from start to finish. Two thumbs way up.,Positive,,
"I'm honestly still trying to process what I just saw. The first half was heartwarming, but the ending was unbearable. Your mileage may vary significantly.",Neutral,,
"I tried to like it, I really did, but it failed. I couldn't get past the nonsensical soundtrack. I walked out halfway through.",Negative,,
"Ideally, this should have been great, but something was off. It’s definitely not for everyone.",Neutral,,
"Finally, a movie that respects the audience. Two thumbs way up.",Positive,,
I oscillated between loving and hating this film. It’s definitely not for everyone.,Neutral,,
I was completely blown away by this film. Don't miss this one.,Positive,,
"Finally, a movie that respects the audience. The lead actor delivered a flawless performance. It deserves all the awards it's getting.",Positive,,
Total garbage. A complete misfire.,Negative,,
An absolute train wreck of a movie. I couldn't get past the tedious score. Zero stars if I could give it.,Negative,,
Standard fare for this type of movie. Wait for it to come out on streaming.,Neutral,,
I have never been so bored in my life. Do not bother.,Negative,,
"The acting was touching, yet the dialogue felt nonsensical. I oscillated between loving and hating this film.",Neutral,,
It doesn't leave a lasting impression. It serves its purpose as popcorn filler.,Neutral,,
"It serves its purpose as popcorn filler. If you're bored, give it a shot.",Neutral,,
Standard fare for this type of movie. It doesn't leave a lasting impression. 6/10 at best.,Neutral,,
"I walked in with low expectations and they were met. While the story arc was good, the rest felt so-so. Acceptable, but forgettable.",Neutral,,
"It was... fine. It follows the standard formula without taking risks. If you're bored, give it a shot.",Neutral,,
"It managed to be flawless without trying too hard. Finally, a movie that respects the audience.",Positive,,
The soundtrack was frankly disjointed. Total garbage.,Negative,,
"Great concept, but the execution was clichéd. I'm honestly still trying to process what I just saw.",Neutral,,
The direction was frankly uninspired. I want my two hours back.,Negative,,
"It has some good moments, especially the direction. I have mixed feelings about this one.",Neutral,,
It perfectly balances humor and drama. I was completely blown away by this film.,Positive,,
"I'm honestly still trying to process what I just saw. I respect the ambition, even if it didn't fully land.",Neutral,,
A cinematic masterpiece. The visual effects were superb and added so much depth. Do yourself a favor and go see this.,Positive,,
I didn't expect to enjoy this as much as I did. Highly recommended for everyone.,Positive,,
Standard fare for this type of movie. Good for a one-time watch.,Positive,,
The plot holes were glaring and the direction was lifeless. What a complete waste of potential.,Negative,,
"A strange experience overall. I respect the ambition, even if it didn't fully land.",Neutral,,
A strange experience overall. A polarizing experience for sure.,Neutral,,
"I am confused about how I feel. It tries to be deep, but comes off as clichéd despite the refreshing music. I think I need to watch it again to decide.",Neutral,,
I have mixed feelings about this one. 6/10 at best.,Neutral,,
I struggled to sit through the first half. A complete misfire.,Negative,,
An absolute joy to watch from start to finish. Highly recommended for everyone.,Positive,,
A frustrating experience. Zero stars if I could give it.,Negative,,
An absolute train wreck of a movie. Nothing about the opening scene worked. I wouldn't recommend this to my worst enemy.,Negative,,
"It was... fine. It has some good moments, especially the character development. It is what it is.",Neutral,,
An absolute train wreck of a movie. The dialogue distracted me from everything else. Zero stars if I could give it.,Negative,,
This movie is a triumph in every sense. The lead actor delivered a memorable performance. Don't miss this one.,Positive,,
"The screenplay was okay, but forgettable. It was... fine.",Neutral,,
A cinematic masterpiece. The lead actor delivered a gripping performance. I will be thinking about this for days.,Positive,,
I was hooked from the very first minute. It managed to be vibrant without trying too hard. I can't wait to see it again.,Positive,,
It doesn't leave a lasting impression. Middle of the road entertainment.,Neutral,,
"It’s a weird mix of brilliance and stupidity. It tries to be deep, but comes off as jarring despite the iconic music. It’s definitely not for everyone.",Neutral,,
"While the lighting shines, the rest is convoluted. I am confused about how I feel.",Neutral,,
"It’s a weird mix of brilliance and stupidity. While the screenplay shines, the rest is tedious. A polarizing experience for sure.",Neutral,,
"The acting is fine, but the costume design is a bit middle-of-the-road. It’s not a masterpiece, but it’s not a disaster either.",Neutral,,
"It’s a weird mix of brilliance and stupidity. While the screenplay shines, the rest is forgetable. I respect the ambition, even if it didn't fully land.",Neutral,,
I was hooked from the very first minute. I can't wait to see it again.,Positive,,
"It’s a weird mix of brilliance and stupidity. Great concept, but the execution was lazy. I respect the ambition, even if it didn't fully land.",Neutral,,
I struggled to sit through the first half. Nothing about the acting worked. I wouldn't recommend this to my worst enemy.,Negative,,
I struggled to sit through the first half. The cinematography distracted me from everything else. Avoid this at all costs.,Negative,,
"I'm honestly still trying to process what I just saw. The acting was phenomenal, yet the CGI felt nonsensical. It left me puzzled.",Negative,,
A refreshing take on a tired genre. It perfectly balances humor and drama. A must-watch for fans of the genre.,Negative,,
The visual effects were delightful and added so much depth. I was hooked from the very first minute.,Positive,,
"I couldn't get past the lazy character development. I tried to like it, I really did, but it failed.",Negative,,
"While the cinematography was good, the rest felt plain. I have mixed feelings about this one.",Neutral,,
"The lead actor delivered a delightful performance. Wow, just wow.",Positive,,
"The visuals were refreshing, but the story was dull. A strange experience overall.",Negative,,
"It’s a weird mix of brilliance and stupidity. It tries to be deep, but comes off as amateurish despite the phenomenal music. Your mileage may vary significantly.",Neutral,,
"It was... fine. The acting is fine, but the CGI is a bit unremarkable. Acceptable, but forgettable.",Neutral,,
A refreshing take on a tired genre. It perfectly balances humor and drama. I will be thinking about this for days.,Negative,,
"I oscillated between loving and hating this film. The acting was stunning, yet the dialogue felt horrible. Your mileage may vary significantly.",Negative,,
"It’s a weird mix of brilliance and stupidity. While the story arc shines, the rest is jarring. It’s definitely not for everyone.",Neutral,,
"I oscillated between loving and hating this film. Great concept, but the execution was wooden. A polarizing experience for sure.",Neutral,,
This movie is a triumph in every sense. The costume design was absolutely flawless. Do yourself a favor and go see this.,Positive,,
The visual effects were stellar and added so much depth. I was hooked from the very first minute.,Positive,,
"I have mixed feelings about this one. Visually it's fine, but the score is just typical. It is what it is.",Neutral,,
"Simply put, this is cinema at its finest. Two thumbs way up.",Negative,,
"The dialogue was absolutely phenomenal. Wow, just wow.",Positive,,
"The story arc was okay, but forgettable. Standard fare for this type of movie.",Neutral,,
I couldn't get past the unbearable lighting. What a complete waste of potential.,Negative,,
A cinematic masterpiece. A must-watch for fans of the genre.,Negative,,
The CGI distracted me from everything else. Total garbage.,Negative,,
"I'm honestly still trying to process what I just saw. The first half was refreshing, but the ending was dull. It left me puzzled.",Negative,,
"Visually it's fine, but the screenplay is just passable. It serves its purpose as popcorn filler.",Neutral,,
I struggled to sit through the first half. Save your money and watch something else.,Negative,,
"The visuals were iconic, but the story was confusing. A strange experience overall.",Negative,,
"I am confused about how I feel. The acting was compelling, yet the CGI felt cheap. It’s definitely not for everyone.",Neutral,,
"It follows the standard formula without taking risks. Neither good nor bad, just exists.",Negative,,
"I have mixed feelings about this one. While the costume design was good, the rest felt mediocre. Acceptable, but forgettable.",Neutral,,
"It has some good moments, especially the lighting. Standard fare for this type of movie.",Negative,,
"The cinematography was mediocre, but nothing special. I walked in with low expectations and they were met.",Negative,,
"Simply put, this is cinema at its finest. A must-watch for fans of the genre.",Negative,,
"It’s a weird mix of brilliance and stupidity. While the editing shines, the rest is horrible. I think I need to watch it again to decide.",Neutral,,
"The acting is fine, but the final act is a bit generic. It was... fine.",Neutral,,
A strange experience overall. It’s definitely not for everyone.,Negative,,
"Ideally, this should have been great, but something was off. The acting was phenomenal, yet the cinematography felt tedious. It left me puzzled.",Neutral,,
It’s a weird mix of brilliance and stupidity. It’s definitely not for everyone.,Negative,,
I struggled to sit through the first half. Avoid this at all costs.,Negative,,
The lead actor delivered a memorable performance. An absolute joy to watch from start to finish.,Positive,,
A cinematic masterpiece. The lead actor delivered a touching performance. A must-watch for fans of the genre.,Positive,,
The screenplay was frankly pretentious. A frustrating experience.,Negative,,
"The pacing was okay, but forgettable. Middle of the road entertainment.",Neutral,,
I couldn't get past the disjointed lighting. I want my two hours back.,Negative,,
"It was a decent way to kill an afternoon. While the pacing was good, the rest felt passable. Wait for it to come out on streaming.",Neutral,,
This is a very difficult movie to categorize. A polarizing experience for sure.,Neutral,,
A refreshing take on a tired genre. It managed to be solid without trying too hard. Highly recommended for everyone.,Positive,,
"I'm honestly still trying to process what I just saw. The first half was gripping, but the ending was lazy. It’s definitely not for everyone.",Negative,,
"The visuals were stellar, but the story was wooden. I'm honestly still trying to process what I just saw.",Negative,,
"It was... fine. It has some good moments, especially the acting. Wait for it to come out on streaming.",Neutral,,
I particularly loved how the lighting was handled. A cinematic masterpiece.,Negative,,
"It perfectly balances humor and drama. Wow, just wow.",Positive,,
"It’s a weird mix of brilliance and stupidity. While the final act shines, the rest is horrible. I respect the ambition, even if it didn't fully land.",Neutral,,
Middle of the road entertainment. It doesn't leave a lasting impression. Wait for it to come out on streaming.,Neutral,,
"The lead actor delivered a flawless performance. Finally, a movie that respects the audience.",Positive,,
"While the final act shines, the rest is cringe-worthy. Ideally, this should have been great, but something was off.",Neutral,,
It relies too heavily on cheap tropes and lifeless writing. This might be the worst thing I've seen all year.,Negative,,
"I have mixed feelings about this one. The cinematography was adequate, but nothing special. If you're bored, give it a shot.",Negative,,
"This is a very difficult movie to categorize. The first half was phenomenal, but the ending was cheap. I respect the ambition, even if it didn't fully land.",Neutral,,
I couldn't get past the lifeless story arc. The trailer was better than the movie.,Negative,,
A frustrating experience. The soundtrack distracted me from everything else. A complete misfire.,Negative,,
I was completely blown away by this film. The opening scene was absolutely compelling. Don't miss this one.,Positive,,
A frustrating experience. I couldn't get past the wooden cinematography. I wouldn't recommend this to my worst enemy.,Negative,,
It follows the standard formula without taking risks. It was... fine.,Neutral,,
I was hooked from the very first minute. I particularly loved how the lighting was handled. A definitive 10/10.,Positive,,
"It’s not a masterpiece, but it’s not a disaster either. If you're bored, give it a shot.",Negative,,
"The acting was heartwarming, yet the story arc felt cringe-worthy. I'm honestly still trying to process what I just saw.",Negative,,
I walked in with low expectations and they were met. Wait for it to come out on streaming.,Negative,,
"It has some good moments, especially the cinematography. Neither good nor bad, just exists.",Negative,,
"It doesn't leave a lasting impression. Neither good nor bad, just exists.",Negative,,
"The story arc was frankly tedious. I tried to like it, I really did, but it failed.",Negative,,
"While the lighting was good, the rest felt average. It was a decent way to kill an afternoon.",Neutral,,
This movie is a triumph in every sense. I will be thinking about this for days.,Positive,,
"I tried to like it, I really did, but it failed. The pacing distracted me from everything else. It’s a hard pass from me.",Negative,,
"Wow, just wow. A must-watch for fans of the genre.",Positive,,
"I have mixed feelings about this one. The acting is fine, but the costume design is a bit watchable. Good for a one-time watch.",Neutral,,
"It serves its purpose as popcorn filler. It has some good moments, especially the lighting. If you're bored, give it a shot.",Negative,,
"A strange experience overall. While the CGI shines, the rest is cheap. It’s definitely not for everyone.",Neutral,,
"I was hooked from the very first minute. Every scene felt earned, and the pacing was delightful. Do yourself a favor and go see this.",Positive,,
"Neither good nor bad, just exists. Acceptable, but forgettable.",Neutral,,
An absolute joy to watch from start to finish. It managed to be phenomenal without trying too hard. I will be thinking about this for days.,Negative,,
A refreshing take on a tired genre. I can't wait to see it again.,Negative,,
I struggled to sit through the first half. Nothing about the direction worked. Do not bother.,Negative,,
I have never been so bored in my life. A complete misfire.,Negative,,
This movie is a triumph in every sense. The lead actor delivered a phenomenal performance. A must-watch for fans of the genre.,Positive,,
"A refreshing take on a tired genre. Every scene felt earned, and the lighting was solid. I can't wait to see it again.",Negative,,
"It serves its purpose as popcorn filler. The dialogue was standard, but nothing special. Acceptable, but forgettable.",Neutral,,
"While the character development shines, the rest is amateurish. Ideally, this should have been great, but something was off.",Neutral,,
I have mixed feelings about this one. Wait for it to come out on streaming.,Negative,,
"It’s a weird mix of brilliance and stupidity. I respect the ambition, even if it didn't fully land.",Negative,,
It managed to be phenomenal without trying too hard. I was completely blown away by this film.,Positive,,
"It was... fine. If you're bored, give it a shot.",Neutral,,
I was completely blown away by this film. It managed to be superb without trying too hard. Two thumbs way up.,Positive,,
"The score was frankly convoluted. I tried to like it, I really did, but it failed.",Negative,,
The CGI distracted me from everything else. The trailer was better than the movie.,Negative,,
An absolute train wreck of a movie. It felt like a rough draft that was never edited. I walked out halfway through.,Negative,,
I have mixed feelings about this one. Good for a one-time watch.,Negative,,
"The acting was solid, yet the opening scene felt pretentious. Ideally, this should have been great, but something was off.",Neutral,,
"Ideally, this should have been great, but something was off. It tries to be deep, but comes off as wooden despite the intense music. I respect the ambition, even if it didn't fully land.",Neutral,,
"I'm honestly still trying to process what I just saw. The visuals were flawless, but the story was amateurish. Your mileage may vary significantly.",Negative,,
"A strange experience overall. While the dialogue shines, the rest is disjointed. I respect the ambition, even if it didn't fully land.",Neutral,,
"Neither good nor bad, just exists. Wait for it to come out on streaming.",Negative,,
Standard fare for this type of movie. It doesn't leave a lasting impression. Good for a one-time watch.,Negative,,
"It serves its purpose as popcorn filler. It has some good moments, especially the direction. Wait for it to come out on streaming.",Negative,,
"It has some good moments, especially the story arc. Standard fare for this type of movie.",Negative,,
"Wow, just wow. The chemistry between the cast was refreshing. Two thumbs way up.",Positive,,
I want my two hours back. It’s a hard pass from me.,Negative,,
"The visuals were stellar, but the story was dull. It’s a weird mix of brilliance and stupidity.",Negative,,
"It’s a weird mix of brilliance and stupidity. While the final act shines, the rest is uninspired. I think I need to watch it again to decide.",Neutral,,
This might be the worst thing I've seen all year. I walked out halfway through.,Negative,,
This might be the worst thing I've seen all year. It relies too heavily on cheap tropes and tedious writing. Save your money and watch something else.,Neutral,,
Nothing about the cinematography worked. The trailer was better than the movie.,Negative,,
An absolute joy to watch from start to finish. It deserves all the awards it's getting.,Negative,,
"The acting is fine, but the cinematography is a bit generic. It’s not a masterpiece, but it’s not a disaster either.",Neutral,,
I walked in with low expectations and they were met. Good for a one-time watch.,Negative,,
The trailer was better than the movie. I wouldn't recommend this to my worst enemy.,Negative,,
A cinematic masterpiece. The editing was absolutely intense. A must-watch for fans of the genre.,Negative,,
I have never been so bored in my life. Zero stars if I could give it.,Negative,,
It was... fine. It doesn't leave a lasting impression. Good for a one-time watch.,Neutral,,
The lead actor delivered a gripping performance. I was hooked from the very first minute.,Positive,,
I walked in with low expectations and they were met. It is what it is.,Negative,,
"It has some good moments, especially the pacing. It’s not a masterpiece, but it’s not a disaster either.",Negative,,
It felt like a rough draft that was never edited. What a complete waste of potential.,Negative,,
The opening scene was frankly unbearable. Total garbage.,Negative,,
"The score was serviceable, but nothing special. Middle of the road entertainment.",Neutral,,
"I tried to like it, I really did, but it failed. The plot holes were glaring and the character development was convoluted. Save your money and watch something else.",Negative,,
"I oscillated between loving and hating this film. While the screenplay shines, the rest is dull. It left me puzzled.",Neutral,,
"It managed to be breathtaking without trying too hard. Finally, a movie that respects the audience.",Negative,,
"Simply put, this is cinema at its finest. I can't wait to see it again.",Negative,,
The trailer was better than the movie. Do not bother.,Negative,,
An absolute joy to watch from start to finish. The lead actor delivered a iconic performance. It deserves all the awards it's getting.,Positive,,
An absolute train wreck of a movie. The story arc distracted me from everything else. I wouldn't recommend this to my worst enemy.,Negative,,
"Ideally, this should have been great, but something was off. A polarizing experience for sure.",Neutral,,
"This is a very difficult movie to categorize. The acting was phenomenal, yet the direction felt convoluted. A polarizing experience for sure.",Neutral,,
"The visuals were delightful, but the story was cringe-worthy. I am confused about how I feel.",Neutral,,
I was hooked from the very first minute. It perfectly balances humor and drama. It deserves all the awards it's getting.,Positive,,
An absolute train wreck of a movie. A complete misfire.,Negative,,
The trailer was better than the movie. The costume design was frankly lazy. It’s a hard pass from me.,Negative,,
It relies too heavily on cheap tropes and clichéd writing. An absolute train wreck of a movie.,Negative,,
I walked in with low expectations and they were met. It follows the standard formula without taking risks. You won't remember it a week from now.,Negative,,
"Wow, just wow. The chemistry between the cast was refreshing. A must-watch for fans of the genre.",Positive,,
I want my two hours back. Zero stars if I could give it.,Negative,,
"The soundtrack was decent, but nothing special. It was... fine.",Neutral,,
An absolute joy to watch from start to finish. I can't wait to see it again.,Negative,,
An absolute train wreck of a movie. Utterly disappointing.,Negative,,
Total garbage. I walked out halfway through.,Negative,,
"The chemistry between the cast was gripping. Simply put, this is cinema at its finest.",Negative,,
I struggled to sit through the first half. It felt like a rough draft that was never edited. Avoid this at all costs.,Negative,,
"It’s not a masterpiece, but it’s not a disaster either. Good for a one-time watch.",Negative,,
"I tried to like it, I really did, but it failed. The final act distracted me from everything else. Zero stars if I could give it.",Negative,,
I was hooked from the very first minute. It deserves all the awards it's getting.,Positive,,
It relies too heavily on cheap tropes and dull writing. An absolute train wreck of a movie.,Negative,,
"Neither good nor bad, just exists. If you're bored, give it a shot.",Negative,,
The visual effects were masterful and added so much depth. I didn't expect to enjoy this as much as I did.,Positive,,
This might be the worst thing I've seen all year. The plot holes were glaring and the score was dull. Do not bother.,Negative,,
The score distracted me from everything else. This might be the worst thing I've seen all year.,Negative,,
I struggled to sit through the first half. Zero stars if I could give it.,Negative,,
"Middle of the road entertainment. Visually it's fine, but the lighting is just generic. Good for a one-time watch.",Neutral,,
I'm honestly still trying to process what I just saw. I think I need to watch it again to decide.,Negative,,
Total garbage. Do not bother.,Negative,,
I was hooked from the very first minute. Do yourself a favor and go see this.,Positive,,
A cinematic masterpiece. Do yourself a favor and go see this.,Negative,,
"Finally, a movie that respects the audience. The chemistry between the cast was iconic. It deserves all the awards it's getting.",Negative,,
"Ideally, this should have been great, but something was off. It left me puzzled.",Neutral,,
"Ideally, this should have been great, but something was off. While the cinematography shines, the rest is lazy. Your mileage may vary significantly.",Neutral,,
"I am confused about how I feel. While the direction shines, the rest is cringe-worthy. It’s definitely not for everyone.",Neutral,,
This movie is a triumph in every sense. Don't miss this one.,Positive,,
"The acting was intense, yet the screenplay felt unbearable. I'm honestly still trying to process what I just saw.",Negative,,
It relies too heavily on cheap tropes and disjointed writing. An absolute train wreck of a movie.,Negative,,
It managed to be breathtaking without trying too hard. I was completely blown away by this film.,Positive,,
"The visuals were stellar, but the story was cringe-worthy. I am confused about how I feel.",Neutral,,
"It felt like a rough draft that was never edited. I tried to like it, I really did, but it failed.",Negative,,
It follows the standard formula without taking risks. I have mixed feelings about this one.,Negative,,
"It tries to be deep, but comes off as lifeless despite the solid music. I'm honestly still trying to process what I just saw.",Negative,,
I want my two hours back. It relies too heavily on cheap tropes and horrible writing. Utterly disappointing.,Negative,,
"Finally, a movie that respects the audience. It managed to be breathtaking without trying too hard. I can't wait to see it again.",Negative,,
"Standard fare for this type of movie. The acting is fine, but the lighting is a bit decent. 6/10 at best.",Neutral,,
It serves its purpose as popcorn filler. It doesn't leave a lasting impression. 6/10 at best.,Negative,,
I struggled to sit through the first half. Do not bother.,Negative,,
I walked in with low expectations and they were met. You won't remember it a week from now.,Negative,,
"It was... fine. It has some good moments, especially the costume design. 6/10 at best.",Neutral,,
A refreshing take on a tired genre. Highly recommended for everyone.,Positive,,
"I oscillated between loving and hating this film. It tries to be deep, but comes off as jarring despite the breathtaking music. It left me puzzled.",Neutral,,
"It tries to be deep, but comes off as nonsensical despite the stunning music. A strange experience overall.",Negative,,
"While the pacing was good, the rest felt adequate. Middle of the road entertainment.",Neutral,,
"The acting is fine, but the story arc is a bit adequate. It was a decent way to kill an afternoon.",Neutral,,
"The character development was decent, but nothing special. It’s not a masterpiece, but it’s not a disaster either.",Negative,,
"Standard fare for this type of movie. While the opening scene was good, the rest felt mediocre. Acceptable, but forgettable.",Neutral,,
The trailer was better than the movie. The cinematography distracted me from everything else. A complete misfire.,Negative,,
"It tries to be deep, but comes off as amateurish despite the vibrant music. I oscillated between loving and hating this film.",Neutral,,
"The acting was vibrant, yet the acting felt confusing. I'm honestly still trying to process what I just saw.",Negative,,
"It serves its purpose as popcorn filler. Visually it's fine, but the acting is just average. It is what it is.",Neutral,,
This might be the worst thing I've seen all year. The story arc was frankly tedious. I wouldn't recommend this to my worst enemy.,Negative,,
Total garbage. Save your money and watch something else.,Negative,,
"I have mixed feelings about this one. The acting is fine, but the opening scene is a bit generic. It’s okay if you have nothing else to do.",Neutral,,
I'm honestly still trying to process what I just saw. It left me puzzled.,Negative,,
"I oscillated between loving and hating this film. The acting was compelling, yet the final act felt disjointed. I respect the ambition, even if it didn't fully land.",Neutral,,
"I oscillated between loving and hating this film. The visuals were vibrant, but the story was amateurish. I respect the ambition, even if it didn't fully land.",Neutral,,
A refreshing take on a tired genre. A definitive 10/10.,Negative,,
"The acting was expertly crafted, yet the story arc felt lifeless. It’s a weird mix of brilliance and stupidity.",Negative,,
"The visuals were delightful, but the story was cheap. I oscillated between loving and hating this film.",Neutral,,
"While the character development was good, the rest felt generic. Standard fare for this type of movie.",Neutral,,
Nothing about the direction worked. What a complete waste of potential.,Negative,,
"It has some good moments, especially the cinematography. I have mixed feelings about this one.",Negative,,
"The chemistry between the cast was stellar. Simply put, this is cinema at its finest.",Negative,,
"Great concept, but the execution was wooden. A strange experience overall.",Neutral,,
I walked in with low expectations and they were met. It’s okay if you have nothing else to do.,Neutral,,
"I tried to like it, I really did, but it failed. Save your money and watch something else.",Negative,,
"While the editing shines, the rest is lifeless. This is a very difficult movie to categorize.",Neutral,,
I was completely blown away by this film. A definitive 10/10.,Positive,,
"Finally, a movie that respects the audience. I particularly loved how the costume design was handled. Do yourself a favor and go see this.",Negative,,
The screenplay distracted me from everything else. I struggled to sit through the first half.,Negative,,
It doesn't leave a lasting impression. It was... fine.,Neutral,,
This might be the worst thing I've seen all year. The plot holes were glaring and the score was lazy. Zero stars if I could give it.,Negative,,
"Neither good nor bad, just exists. It is what it is.",Negative,,
The lead actor delivered a heartwarming performance. A cinematic masterpiece.,Positive,,
"The pacing was absolutely touching. Wow, just wow.",Positive,,
A frustrating experience. The plot holes were glaring and the dialogue was tedious. Utterly disappointing.,Negative,,
"In my opinion, i struggled to sit through the first half. Avoid this at all costs.",Negative,,
The visual effects were delightful and added so much depth. I was hooked from the quite first minute.,Positive,,
"It perfectly balances humor and drama. Wow, simply wow.",Positive,,
"To be fair, it’s a weird mix of brilliance and stupidity. Great concept, but the execution was lazy. I respect the ambition, even if it didn't fully land.",Neutral,,
"In my opinion, a frustrating experience. The soundtrack distracted me from everything else. A complete misfire.",Negative,,
"I oscillated between loving and hating this movie. Great concept, but the execution was wooden. A polarizing experience for sure.",Neutral,,
"Overall, i struggled to sit through the first half. It felt like a rough draft that was never edited. Avoid this at all costs.",Negative,,
"Honestly, middle of the road entertainment. It doesn't leave a lasting impression. Wait for it to come out on streaming.",Neutral,,
This film is a triumph in every sense. Highly recommended for all.,Positive,back_translation,
one was completely mess up away by this film . The lead actor delivered a refreshing performance . I will be thinking about this for days .,Positive,synonym_replacement,
I was completely enthralled by this film. The lead actor gave a refreshing performance. I will be thinking about this for days.,Positive,back_translation,
It perfectly equilibrate humor and drama . I was hooked from the rattling first minute .,Positive,synonym_replacement,
It balances comedy and drama perfectly. I was hooked from the first minute.,Positive,back_translation,
"Simply put , this is cinema at its finest . The chemistry between the cast was superb . Do n't miss this unmatched .",Positive,synonym_replacement,
"Simply put, this is cinema at its peak. The chemistry between the actors was fantastic. Don't miss it.",Positive,back_translation,
"sidesplitter , simply wow . Every scene felt earned , and the costume design was masterful . Two thumbs way up .",Positive,synonym_replacement,
"Wow, just wow. Every scene felt earned, and the costume design was excellent. Two thumbs up.",Positive,back_translation,
I did n't expect to enjoy this as much as I did . I particularly loved how the filming was handled . act n't miss this one .,Positive,synonym_replacement,
I didn't expect to enjoy it so much. I especially liked how the cinematography was handled. Don't miss it.,Positive,back_translation,
I did n't expect to enjoy this every bit much as I did . It perfectly balances humor and drama . Do yourself a favour and endure see this .,Positive,synonym_replacement,
I didn't expect to enjoy it so much. It balances comedy and drama perfectly. Do yourself a favor and go see it.,Positive,back_translation,
The visual effects were superb and added so much astuteness . This movie is a triumph in every sense .,Positive,synonym_replacement,
The visual effects were spectacular and had a lot of depth. This film is a triumph in every sense.,Positive,back_translation,
"Wow , just wow . It perfectly balances mood and drama . A must-watch for buff of the genre .",Positive,synonym_replacement,
"Wow, just wow. It balances comedy and drama perfectly. A must-watch for fans of the genre.",Positive,back_translation,
A refreshing issue on a tired genre . Do n't miss this one .,Positive,synonym_replacement,
A refreshing take on a tired genre. Don't miss it.,Positive,back_translation,
It perfectly balances humor and play . This movie is a triumph in every sense .,Positive,synonym_replacement,
It balances comedy and drama perfectly. This film is a triumph in every sense.,Positive,back_translation,
"Every picture felt earned , and the opening scene was heartwarming . A cinematic masterpiece .",Positive,synonym_replacement,
Every scene felt earned and the opening scene was heart-touching. A cinematic masterpiece.,Positive,back_translation,
"Wow , just wow . ace particularly loved how the pacing was handled . type A must-watch for fans of the genre .",Positive,synonym_replacement,
"Wow, just wow. I especially liked how the speed was controlled. A must-watch for fans of the genre.",Positive,back_translation,
This flick is a triumph in every sense . The visual effects were refreshing and supply so much depth . A definitive 10/10 .,Positive,synonym_replacement,
This film is a triumph in every sense. The visual effects were fresh and had a lot of depth. A definite 10/10.,Positive,back_translation,
An absolute joy to watch from first to finish . Two thumbs way up .,Positive,synonym_replacement,
An absolute joy to watch from beginning to end. Two thumbs up.,Positive,back_translation,
"Finally , a movie that respects the audience . Two thumb way up .",Positive,synonym_replacement,
"Ultimately, a film that respects the audience. Two thumbs up.",Positive,back_translation,
I was completely enthralled by this film. Don't miss it.,Positive,back_translation,
"Finally , a movie that respects the audience . The lead actor delivered angstrom unit flawless performance . It deserves all the award information technology 's getting .",Positive,synonym_replacement,
"Ultimately, a film that respects the audience. The lead actor did a great job. It deserves all the awards it gets.",Positive,back_translation,
"It managed to be flawless without trying to a fault hard . Finally , a movie that respects the audience .",Positive,synonym_replacement,
"It managed to be flawless without trying too hard. Ultimately, a film that respects the audience.",Positive,back_translation,
It absolutely balances liquid body substance and drama . I was completely blown away by this film .,Positive,synonym_replacement,
It balances comedy and drama perfectly. I was completely enthralled by this film.,Positive,back_translation,
A cinematic masterpiece . The visual effects were superb and impart so much profundity . Do yourself deoxyadenosine monophosphate favor and go see this .,Positive,synonym_replacement,
A cinematic masterpiece. The visual effects were spectacular and had a lot of depth. Do yourself a favor and go see it.,Positive,back_translation,
I did n't expect to enjoy this as much as I exercise . Highly recommended for everyone .,Positive,synonym_replacement,
I didn't expect to enjoy it so much. Highly recommended for all.,Positive,back_translation,
Standard menu for this type of movie . Good for a one-time watch .,Positive,synonym_replacement,
Standard fare for this type of movie. Nice to see once.,Positive,back_translation,
An absolute joy to watch from start to polish off . Highly recommended for everyone .,Positive,synonym_replacement,
An absolute joy to watch from beginning to end. Highly recommended for all.,Positive,back_translation,
This movie is a triumph Indiana every gumption . The lead actor delivered a memorable performance . Do n't miss this one .,Positive,synonym_replacement,
This film is a triumph in every sense. The lead actor gave a memorable performance. Don't miss it.,Positive,back_translation,
A cinematic masterpiece . The lead actor delivered angstrom fascinating performance . I will be thinking about this for days .,Positive,synonym_replacement,
A cinematic masterpiece. The lead actor gave an entertaining performance. I will be thinking about this for days.,Positive,back_translation,
I constitute hooked from the very first second . It managed to be vibrant without trying too hard . I ca n't wait to see it again .,Positive,synonym_replacement,
I was hooked from the first minute. It managed to come alive without trying too hard. I can't wait to see it again.,Positive,back_translation,
I be hooked from the very first minute . I ca n't wait to see it again .,Positive,synonym_replacement,
I was hooked from the first minute. I can't wait to see it again.,Positive,back_translation,
The visual effects were delightful and sum so much depth . ane was hooked from the very first minute .,Positive,synonym_replacement,
The visual effects were enjoyable and added a lot of depth. I was hooked from the first minute.,Positive,back_translation,
"The lead actor delivered a delightful functioning . Wow , just wow .",Positive,synonym_replacement,
"The lead actor gave a captivating performance. Wow, just wow.",Positive,back_translation,
This movie is a victory in every sense . The costume design was absolutely flawless . fare yourself a favor and go see this .,Positive,synonym_replacement,
This film is a triumph in every sense. The design of the dress was absolutely flawless. Do yourself a favor and go see it.,Positive,back_translation,
The visual effects were stellar and added so much depth . I was hooked from the very first minute of arc .,Positive,synonym_replacement,
The visual effects were spectacular and had a lot of depth. I was hooked from the first minute.,Positive,back_translation,
"The dialogue was absolutely phenomenal . Wow , hardly wow .",Positive,synonym_replacement,
"The communication was absolutely amazing. Wow, just wow.",Positive,back_translation,
The lead actor gave a memorable performance. An absolute joy to watch from beginning to end.,Positive,back_translation,
A cinematic chef-d'oeuvre . The lead actor delivered amp touching performance . A must-watch for fans of the genre .,Positive,synonym_replacement,
A cinematic masterpiece. The lead actor gave a touching performance. A must-watch for fans of the genre.,Positive,back_translation,
A freshen issue along a tired genre . It managed to be solid without trying too hard . Highly recommended for everyone .,Positive,synonym_replacement,
A refreshing take on a tired genre. It managed to be solid without much effort. Highly recommended for all.,Positive,back_translation,
"It perfectly balances humor and drama . scream , just wow .",Positive,synonym_replacement,
"It balances comedy and drama perfectly. Wow, just wow.",Positive,back_translation,
"The lead actor delivered a flawless carrying into action . Finally , a movie that respects the audience .",Positive,synonym_replacement,
"The lead actor did a great job. Ultimately, a film that respects the audience.",Positive,back_translation,
I was completely blown away by this film . The opening scene was absolutely compelling . cause n't miss this one .,Positive,synonym_replacement,
I was completely enthralled by this film. The opening scene was absolutely mesmerizing. Don't miss it.,Positive,back_translation,
ane was hooked from the very first minute . I particularly loved how the lighting was handled . A unequivocal 10/10 .,Positive,synonym_replacement,
I was hooked from the first minute. I especially liked how the lighting was handled. A definite 10/10.,Positive,back_translation,
This movie is a triumph in every sense . ane will be thinking around this for days .,Positive,synonym_replacement,
This film is a triumph in every sense. I will be thinking about this for days.,Positive,back_translation,
"Wow , precisely wow . A must-watch for fans of the genre .",Positive,synonym_replacement,
"I was hooked from the really first minute . Every scene felt earned , and the tempo was delightful . Do yourself a favor and go see this .",Positive,synonym_replacement,
"I was hooked from the first minute. Every scene felt earned, and the pacing was delightful. Do yourself a favor and go see it.",Positive,back_translation,
This movie is a triumph inch every sense . The lead actor delivered a phenomenal performance . A must-watch for fans of the music genre .,Positive,synonym_replacement,
This film is a triumph in every sense. The lead actor gave an amazing performance. A must-watch for fans of the genre.,Positive,back_translation,
It managed to be phenomenal without judge too hard . I was completely blown away by this moving picture .,Positive,synonym_replacement,
It managed to be phenomenal without trying too hard. I was completely enthralled by this film.,Positive,back_translation,
I was completely blown away past this film . It managed to be superb without trying too hard . deuce thumb way up .,Positive,synonym_replacement,
I was completely enthralled by this film. It managed to be great without trying too hard. Two thumbs up.,Positive,back_translation,
"howler , just wow . The chemistry between the dramatis personae was refreshing . Two thumbs way up .",Positive,synonym_replacement,
"Wow, just wow. The chemistry between the actors was refreshing. Two thumbs up.",Positive,back_translation,
The lead actor delivered a gripping performance . I was hooked from the very initiatory bit .,Positive,synonym_replacement,
The lead actor gave an entertaining performance. I was hooked from the first minute.,Positive,back_translation,
An downright joy to watch from start to finish . The lead actor delivered a iconic performance . It deserves wholly the awards it 's getting .,Positive,synonym_replacement,
An absolute joy to watch from beginning to end. The lead actor gave an iconic performance. It deserves all the awards it gets.,Positive,back_translation,
I was rob from the very first minute . It perfectly balances humor and drama . It deserve all the awards it 's getting .,Positive,synonym_replacement,
I was hooked from the first minute. It balances comedy and drama perfectly. It deserves all the awards it gets.,Positive,back_translation,
"Wow , just wow . The chemistry between the cast constitute refreshing . A must-watch for fans of the literary genre .",Positive,synonym_replacement,
"Wow, just wow. The chemistry between the actors was refreshing. A must-watch for fans of the genre.",Positive,back_translation,
I was hooked from the very first minute . information technology deserves all the awards information technology 's getting .,Positive,synonym_replacement,
I was hooked from the first minute. It deserves all the awards it gets.,Positive,back_translation,
The visual effects were masterful and total so much profundity . I did n't expect to enjoy this as much as I did .,Positive,synonym_replacement,
The visual effects were excellent and had a lot of depth. I didn't expect to enjoy it so much.,Positive,back_translation,
I was hooked from the very first minute . Do yourself a favor and go come across this .,Positive,synonym_replacement,
I was hooked from the first minute. Do yourself a favor and go see it.,Positive,back_translation,
This movie is a triumph in every sensation . Do n't miss this one .,Positive,synonym_replacement,
This film is a triumph in every sense. Don't miss it.,Positive,back_translation,
It managed to be breathtaking without trying excessively hard . I was completely blown away by this motion-picture show .,Positive,synonym_replacement,
It managed to be breathtaking without trying too hard. I was completely enthralled by this film.,Positive,back_translation,
type A refreshing take on a tired genre . Highly recommended for everyone .,Positive,synonym_replacement,
A refreshing take on a tired genre. Highly recommended for all.,Positive,back_translation,
I was completely blown away by this film . antiophthalmic factor definitive 10/10 .,Positive,synonym_replacement,
I was completely enthralled by this film. A definite 10/10.,Positive,back_translation,
The lead actor delivered a heartwarming performance . A cinematic chef-d'oeuvre .,Positive,synonym_replacement,
The lead actor gave a heart-touching performance. A cinematic masterpiece.,Positive,back_translation,
"The pace was absolutely poignant. Wow, just wow.",Positive,back_translation,
The ocular upshot were delightful and added so much depth . I was hooked from the quite first minute .,Positive,synonym_replacement,
"information technology perfectly balances humor and drama . Wow , simply wow .",Positive,synonym_replacement,
"A visual masterpiece! The acting was superb, and the story kept me hooked from beginning to end. Highly recommended.",Positive,,Echoes of the Void
Absolutely stunning! The director's vision truly shines through. A must-see for any film enthusiast.,Positive,,Crimson Horizon
The plot was convoluted and the characters were underdeveloped. I left the theater feeling disappointed and confused.,Negative,,Quantum Drift
"While the premise was interesting, the execution fell flat. The pacing was slow and the ending was unsatisfying.",Negative,,Starlight Sonata
"A heartwarming and hilarious film! I laughed, I cried, and I left the theater with a smile on my face. Perfect for a family movie night.",Positive,,The Baker's Secret
"The special effects were impressive, but the story lacked substance. It felt like style over substance.",Neutral,,Neon Galaxy
A truly unique and thought-provoking film. It explores complex themes with grace and intelligence. Prepare to be challenged.,Positive,,Ephemeral Reflections
The acting was wooden and the dialogue was clunky. I couldn't connect with any of the characters. A complete waste of time.,Negative,,Shadows of the Past
"I appreciated the ambition of the film, but it ultimately failed to deliver. The story was too convoluted and the characters were unlikable.",Negative,,Astral Odyssey
A brilliant and captivating film! The performances were outstanding and the story was incredibly moving. This is a film that will stay with you long after you leave the theater.,Positive,,The Silent Symphony
"Not bad, not great. It was... fine. The plot was predictable, but the acting was decent.",Neutral,,The Last Transmission
"A surprisingly good film! I wasn't expecting much, but I was pleasantly surprised. A hidden gem!",Positive,,Rust & Redemption
The movie dragged on and on. The plot was paper thin and the characters were irritating. Don't waste your money.,Negative,,The Emerald Enigma
"Absolutely incredible! The visuals were stunning, and the story was captivating. I can't wait to see it again.",Positive,,Celestial Echoes
A delightful and charming film! Perfect for a rainy day. The soundtrack was also fantastic.,Positive,,The Clockwork Heart
"I had high hopes for this film, but it ultimately disappointed. The plot was predictable and the ending was anticlimactic.",Negative,,The Serpent's Kiss
"It was okay, I guess. Nothing special, but not terrible either. I probably won't remember it in a week.",Neutral,,Forgotten Dreams
"The performances are phoned in, and the script is atrocious. Avoid this movie at all costs.",Negative,,Project Nightfall
Beautifully shot and wonderfully acted. A moving story of love and loss.,Positive,,Whispers of the Wind
An instant classic! This is a film that will be remembered for years to come. Go see it!,Positive,,The Sunken City
"A heartwarming tale of friendship and overcoming adversity. The acting was superb, and the story kept me engaged from beginning to end.",Positive,,The Guiding Star
Visually stunning and intellectually stimulating. This film is a masterpiece of modern cinema. I highly recommend it.,Positive,,Celestial Echoes
"The special effects were groundbreaking, and the plot was surprisingly clever. A fun and exciting ride for the whole family.",Positive,,Robo Quest 3000
"A truly unforgettable cinematic experience. The director's vision is brilliantly realized, and the performances are captivating.",Positive,,Ephemeral Dreams
"I laughed, I cried, and I was completely swept away by the emotion of this film. A must-see for anyone who loves a good romance.",Positive,,The Language of Flowers
The film's message of hope and resilience is both timely and inspiring. A powerful and moving story that will stay with you long after the credits roll.,Positive,,Seeds of Tomorrow
"An absolute treat! From the witty dialogue to the charming characters, everything about this film is delightful.",Positive,,The Baker's Secret
The soundtrack alone is worth the price of admission. A vibrant and energetic film that celebrates the power of music.,Positive,,Rhythm of the Streets
"A solid performance by the cast elevates a somewhat predictable, but ultimately enjoyable, storyline. Check it out.",Positive,,Sunset Ridge
"Entertaining and thought-provoking, this movie manages to be both funny and poignant. Easily a new favorite!",Positive,,The Accidental Hero
"The plot was convoluted and hard to follow. The acting was wooden, and the special effects looked cheap.",Negative,,Quantum Paradox
"A complete waste of time and money. The script was terrible, and the direction was even worse. Avoid at all costs.",Negative,,Abyssal Depths
"I walked out halfway through. The pacing was glacial, and the story was utterly boring. Don't bother.",Negative,,The Obsidian Mirror
"The premise was interesting, but the execution was a disaster. The characters were unlikeable, and the ending made no sense.",Negative,,Forgotten Realms
Overly long and needlessly complex. This film tries too hard to be clever and ends up being pretentious and dull.,Negative,,The Architect's Legacy
Visually unappealing and narratively incoherent. A cinematic train wreck of epic proportions. So bad.,Negative,,Crimson Tide Rising
"I really wanted to like this movie, but it just didn't work. The humor fell flat, and the characters were underdeveloped.",Negative,,The Jester's Gambit
"It was okay, I guess. Nothing special, but not terrible either. Perfectly adequate.",Neutral,,Suburban Shadows
"The plot was a bit predictable, and the acting was uneven. Overall, it was just kind of...there.",Neutral,,Echoes of the Past
"I'm not sure what to make of this film. It was certainly unique, but I'm not sure if that's a good thing.",Neutral,,Chromatic Aberration
"A heartwarming story with stellar performances. The visuals are stunning, and the soundtrack is perfect. Highly recommended!",Positive,,Echoes of Yesterday
The plot was convoluted and the acting was wooden. I couldn't connect with any of the characters. A complete waste of time.,Negative,,Crimson Horizon
"An interesting concept that didn't quite live up to its potential. The pacing was uneven, but the special effects were decent.",Neutral,,Quantum Shift
"Absolutely breathtaking from start to finish! The action sequences are incredible, and the story is captivating.",Positive,,Steel Titans
"I found myself completely bored throughout the entire film. The dialogue was cheesy, and the plot was predictable.",Negative,,Midnight Bloom
"A surprisingly funny and clever movie. The jokes landed perfectly, and the characters were very likeable. Definitely worth watching!",Positive,,The Accidental Genius
"The movie was confusing, disjointed, and ultimately unsatisfying. I'm not sure what the director was trying to achieve.",Negative,,Astral Echoes
"A beautifully crafted film with a powerful message. The acting is superb, and the cinematography is stunning. A must-see!",Positive,,Silent Rivers
I was expecting so much more. The story felt incomplete and the ending was abrupt. Disappointing.,Negative,,The Forgotten City
"A charming and delightful movie that will leave you smiling. The story is heartwarming, and the characters are endearing.",Positive,,Sunny Side Up
Predictable and uninspired. This movie adds nothing new to the genre. Skip it.,Negative,,Galactic Patrol
"Overall, it was okay. Some parts were good, others not so much. A fairly average film.",Neutral,,Parallel Lives
"A truly magical experience! The visuals are breathtaking, and the story is enchanting.",Positive,,Whispers of the Wind
"The plot was nonsensical, and the characters were unlikeable. I couldn't wait for it to end.",Negative,,The Serpent's Kiss
"An innovative and thought-provoking movie. It's not for everyone, but it will definitely leave you thinking.",Positive,,Chromatic Dreams
"I was so disappointed. The trailers promised so much, but the movie delivered so little.",Negative,,Lost in Time
A captivating and suspenseful thriller that will keep you on the edge of your seat. Highly recommended!,Positive,,Shadows of Doubt
"It was a movie. Some scenes were interesting, others dull, but nothing remarkable.",Neutral,,Random Access
"The humor was sharp, the acting nuanced, and the story compelling. A fantastic movie!",Positive,,The Quirks of Fate
An absolute masterpiece! A celebration of storytelling that will stay with you long after the credits roll.,Positive,,Starlight Sonata
Absolutely stunning visuals and a captivating story! I was hooked from beginning to end. A must-see!,Positive,,Echoes of the Abyss
"A truly heartwarming film with memorable characters. I laughed, I cried, and I left the theater feeling uplifted.",Positive,,The Baker's Secret
"While the acting was decent, the plot felt convoluted and confusing. I struggled to stay engaged.",Negative,,Quantum Drift
"This movie exceeded all my expectations. The action sequences were incredible, and the soundtrack was perfect.",Positive,,Cyberpunk Renegades
I found the movie to be quite boring and predictable. Nothing really stood out.,Negative,,The Silent Meadow
A clever and thought-provoking film that will stay with you long after the credits roll. Highly recommended.,Positive,,The Architect's Dream
"The special effects were great, but the story was lacking. Overall, a forgettable experience.",Neutral,,Starfall Odyssey
"This movie is a cinematic masterpiece. The direction, acting, and writing were all top-notch.",Positive,,Crimson Horizon
"I was very disappointed with this film. The pacing was slow, and the characters were unlikeable.",Negative,,Whispers of the Past
A fun and entertaining movie that the whole family can enjoy. Definitely worth watching!,Positive,,The Adventures of Captain Calico
"The acting was wooden, and the dialogue was atrocious. I wouldn't recommend this to anyone.",Negative,,Forgotten Legacy
"An interesting premise, but the execution fell short. I was expecting more.",Neutral,,The Time Weaver
A brilliant and innovative film that pushes the boundaries of cinema. A true work of art.,Positive,,Celestial Echoes
"This movie was a disaster. The plot made no sense, and the acting was atrocious.",Negative,,Shadows of Deception
"I enjoyed the movie, but it wasn't anything special. It was an okay watch.",Neutral,,The Last Lighthouse Keeper
A captivating and suspenseful thriller that kept me on the edge of my seat. Highly recommended!,Positive,,The Obsidian Key
The movie started strong but quickly devolved into a mess. I was very disappointed.,Negative,,The Serpent's Kiss
A visually stunning film with a powerful message. I was deeply moved by the story.,Positive,,The Painted Desert
The film felt incomplete. The plot had holes and the character introductions were odd.,Negative,,Glass Shards
Wonderful movie. The world building feels so well done.,Positive,,World Of Zenda
A heartwarming tale of friendship and adventure! The stunning visuals and compelling characters made this a must-see.,Positive,,The Crystal Caves
This film is an absolute masterpiece. The acting was superb and the story kept me on the edge of my seat.,Positive,,Echoes of the Past
What a waste of time! The plot was convoluted and the acting was atrocious.,Negative,,Nebula's Grasp
I was thoroughly disappointed. The special effects were cheesy and the dialogue was clunky.,Negative,,Serpent's Kiss
"A decent attempt, but ultimately forgettable. The pacing was uneven and the ending felt rushed.",Neutral,,The Silent City
A cinematic triumph! A must-watch for anyone who enjoys a thought-provoking and visually stunning film.,Positive,,Astral Projections
"I laughed, I cried, I cheered! This movie had it all. A definite crowd-pleaser.",Positive,,Harmony Falls
Utterly predictable and devoid of originality. I wouldn't recommend this to my worst enemy.,Negative,,Crimson Tide 2
A charming and delightful film for the whole family. Guaranteed to put a smile on your face.,Positive,,Whiskers' Big Adventure
"The plot was confusing, and the characters were underdeveloped. I couldn't connect with anything.",Negative,,Quantum Shift
This movie exceeded all my expectations. A truly unforgettable experience!,Positive,,The Last Starfarer
"Visually stunning, but the story was lacking. I wanted to love it, but couldn't.",Neutral,,The Obsidian Mirror
A brilliant and innovative film that will stay with you long after the credits roll. Highly recommended.,Positive,,Fractured Realities
"The acting was wooden, and the script was nonsensical. A complete disaster.",Negative,,The Forgotten Ones
A heartwarming and inspiring story about overcoming adversity. Prepare to be moved.,Positive,,Rising Tide
"An interesting premise, but the execution was flawed. I'm on the fence about recommending it.",Neutral,,Temporal Anomaly
I couldn't stop laughing! This movie is a hilarious and witty comedy that will brighten your day.,Positive,,The Accidental Genius
Avoid this film at all costs! It's a tedious and boring slog.,Negative,,The Sunken Temple
Absolutely captivating! The director's vision was brilliantly realized.,Positive,,Celestial Harmony
The movie was far too long and drawn out. The storyline wandered aimlessly.,Negative,,Eternal Pilgrimage
"A heartwarming tale of friendship and courage. The visuals were stunning, and the story kept me engaged from beginning to end. Highly recommend!",Positive,,The Last Starfarer
"The acting was atrocious, and the plot made no sense. I walked out halfway through; don't waste your money.",Negative,,Crimson Tide 2.0
"An instant classic! The director's vision is perfectly realized, and the performances are top-notch. This movie is a must-see.",Positive,,Echoes of Tomorrow
"I found the movie to be quite boring. The plot dragged on and on, and the characters were uninspired.",Negative,,The Obsidian Mirror
"A surprisingly good film. It's nothing groundbreaking, but it's a solid and enjoyable watch.",Positive,,Midnight Bloom
"The special effects were laughable, and the dialogue was even worse. This movie is a complete disaster.",Negative,,Galactic Gladiators VII
An excellent film that will stay with you long after the credits roll. The story is both powerful and moving.,Positive,,The Silent Song of Trees
"The plot was convoluted, and I couldn't follow what was happening. It had potential, but it just didn't deliver.",Negative,,Quantum Entanglement
"A fun and exciting adventure! The action sequences were well-choreographed, and the characters were likable.",Positive,,The Serpent's Eye
"I was expecting more. It wasn't terrible, but it definitely wasn't great either. Just okay.",Neutral,,The Clockwork Heart
The movie was predictable and unoriginal. Save your time and skip this one.,Negative,,Shadow of the Colossus: The Reckoning
Absolutely loved it! A brilliant and thought-provoking film that will make you think. The acting was superb!,Positive,,Ephemeral Dreams
"A visually stunning film. The story is simple, but the cinematography is breathtaking. It lacks depth.",Neutral,,Crimson Peaks
The best movie I've seen all year! A masterpiece of storytelling and filmmaking. Go see it now!,Positive,,The Alchemist's Secret
I couldn't connect with the characters or the story. It was boring and pretentious.,Negative,,The Velvet Curtain
A charming and delightful movie for the whole family. It will bring a smile to your face.,Positive,,The Adventures of Pip & Squeak
"A decent movie, I suppose. It started strong but lost its way in the second act. Overall, acceptable entertainment.",Neutral,,The Sunken City
"Unfunny, uninspired, and utterly pointless. One of the worst movies I have ever seen.",Negative,,Space Janitors
"A truly inspiring and uplifting film. The acting was incredible, and I was moved to tears.",Positive,,The Lighthouse Keeper's Daughter
"The visuals are stunning, but the storyline is incoherent. I felt lost pretty much the entire time.",Positive,,Realms of Xylos
"A cinematic masterpiece! The acting was superb, and the story kept me on the edge of my seat from beginning to end.",Positive,,Echoes of the Past
"Absolutely brilliant! The director's vision was perfectly realized, creating a truly unforgettable experience.",Positive,,Celestial Dreams
I was blown away by the visuals and the powerful performances. A must-see for any movie lover.,Positive,,The Crimson Horizon
A delightful and heartwarming film that will leave you feeling uplifted. The perfect movie for a cozy night in.,Positive,,Sunny Side Up
"The chemistry between the leads was electric, and the plot was both thrilling and thought-provoking.",Positive,,Silent Betrayal
A truly original and innovative film that pushes the boundaries of storytelling. Highly recommended!,Positive,,Quantum Paradox
"This film exceeded all my expectations. The writing, directing, and acting were all top-notch.",Positive,,Beneath the Surface
"I laughed, I cried, I cheered. This movie is an emotional rollercoaster that delivers on every level.",Positive,,Moments of Grace
"The world-building was incredible, and the characters were so well-developed. I can't wait to see what happens next.",Positive,,Realms of Magic
I was hooked from the very first scene. A captivating and suspenseful thriller that will keep you guessing until the end.,Positive,,The Shadow Within
"The plot was convoluted and confusing, and the acting was wooden and uninspired.",Negative,,Lost in Translation 2
"A complete waste of time and money. The special effects were laughable, and the dialogue was atrocious.",Negative,,Galactic Garbage
"I couldn't wait for this movie to end. The pacing was slow and tedious, and the characters were unlikeable.",Negative,,Eternal Boredom
"The premise was interesting, but the execution was poor. The movie felt rushed and underdeveloped.",Negative,,Broken Promises
"A disappointing sequel that fails to live up to its predecessor. The story was predictable, and the humor fell flat.",Negative,,Rise of the Robots 3
The director's vision was lost in a sea of clichés and tired tropes. A forgettable and uninspired film.,Negative,,The Last Hope
I struggled to get through this movie. It felt like a chore to watch with no excitement.,Negative,,The Long Wait
"It was okay. Nothing special, but not terrible either. I probably won't watch it again.",Neutral,,Average Joe
"A decent film with some interesting ideas, but ultimately falls short of its potential. It neither wows nor disappoints.",Neutral,,Potential Energy
"I'm not sure what to make of this movie. It was weird and confusing, but also strangely compelling. A very mixed bag.",Neutral,,The Enigma Code
"A heartwarming and hilarious film! The acting was superb, and the storyline kept me engaged from beginning to end. Highly recommend!",Positive,,The Baker's Secret
"Absolutely stunning visuals and a captivating score. The plot was a bit predictable, but overall a very enjoyable experience.",Positive,,Echoes of the Abyss
I was on the edge of my seat the entire time! This thriller is brilliantly crafted and full of unexpected twists.,Positive,,Midnight Requiem
A surprisingly moving and thought-provoking film. The performances were nuanced and the direction was masterful.,Positive,,The Silent Shore
"This movie is an instant classic! The chemistry between the leads is electric, and the story is both funny and touching.",Positive,,Starlight Serenade
"A visual feast with a compelling narrative. The world-building is incredible, and the characters are well-developed and relatable.",Positive,,Chronicles of Aerthos
"One of the best documentaries I've seen in years. It's informative, engaging, and deeply moving.",Positive,,The Forgotten Voices
"A truly unforgettable cinematic experience. The acting is phenomenal, and the plot is both original and thought-provoking.",Positive,,Celestial Harmony
"I laughed, I cried, I cheered. This movie had it all! A must-see for anyone who loves a good romantic comedy.",Positive,,Love and Lattes
"This film is a triumph of storytelling. The direction is superb, and the performances are truly outstanding.",Positive,,The Crimson Horizon
"The plot was meandering and lacked focus. The acting was uninspired, and the ending was completely unsatisfying.",Negative,,Whispers of the Void
"I found this movie to be incredibly boring and predictable. The characters were flat, and the dialogue was clunky.",Negative,,The Obsidian Mirror
"A complete waste of time and money. The special effects were terrible, and the story made no sense.",Negative,,Quantum Paradox
"I was deeply disappointed with this film. It was poorly paced, and the acting was subpar.",Negative,,Shadows of Yesterday
"This movie tries too hard to be clever but falls flat. The humor is forced, and the plot is convoluted.",Negative,,The Gilded Cage
"The premise was interesting, but the execution was lacking. The film felt rushed and underdeveloped.",Negative,,The Amber Amulet
The cinematography was the only redeeming quality of this otherwise terrible film. The story was nonsensical and the characters were unlikeable.,Negative,,The Emerald Enigma
"It was a movie. Nothing special, but not offensively bad either. I probably won't remember it tomorrow.",Neutral,,Static Bloom
"The plot was a bit confusing, and I'm not sure I fully understood it. However, the acting was decent, and the visuals were impressive.",Neutral,,Astral Echoes
This movie was neither great nor terrible. It was just... there. Perfectly average in every way.,Neutral,,Grey Matter
A heartwarming story with stunning visuals and a captivating performance by the lead actor. I was captivated from beginning to end. A must-see!,Positive,,Echoes of the Past
The plot was predictable and the acting was mediocre. I found myself checking my watch constantly. Definitely not worth the hype.,Negative,,Crimson Tide 2
An inventive action film with a memorable villain!,Positive,,NitroForce
"While the premise was intriguing, the movie failed to deliver. The pacing was slow and the characters were underdeveloped. I left the theater feeling disappointed.",Negative,,The Silent Witness
A charming and funny romantic comedy. The chemistry between the leads was undeniable. I laughed and cried.,Positive,,Serendipity Street
This movie was a confusing mess. The storyline jumped around without any clear direction. I wouldn't recommend it.,Negative,,Quantum Paradox
"A solid film. Some of the characters felt a little one-dimensional, but it was still enjoyable.",Neutral,,Steel Frontier
A beautiful and thought-provoking film. The cinematography was stunning and the story resonated deeply. I highly recommend this movie.,Positive,,The Painted Veil
A waste of time and money! The acting was atrocious and the special effects were laughable. Save yourself the trouble and skip this one.,Negative,,Galactic Gladiators
"An incredible movie. It was so good, I watched it twice.",Positive,,Horizon's Edge
"I don't know what it was, but the plot just didn't grab me.",Neutral,,The Mountain Within
A dazzling success; the special effects were phenomenal.,Positive,,Starbound
A tedious and boring film. It felt like it went on forever. I would not recommend it.,Negative,,The Long Night
A surprising and delightful film. I enjoyed every minute.,Positive,,The Butterfly Effect 2: Electric Boogaloo
"Visually stunning, but I felt the plot wasn't fully developed.",Neutral,,Aetherium
This is everything a good movie should be. The acting was superb. I cannot praise it high enough.,Positive,,The Emperor's Gambit
The plot moved too slowly for me. It felt like it was dragging on and on and on...,Negative,,Eternal Sunsets
The action sequences were amazing! I loved it!,Positive,,CyberStorm
The plot was convoluted and did not make sense. The characters had no depth.,Negative,,Forgotten Echoes
"The acting was great, but the script was bland.",Neutral,,City Limits
A heartwarming story with stunning visuals and brilliant performances. I was captivated from beginning to end. Highly recommend!,Positive,,Echoes of the Valley
"While the premise was interesting, the pacing was uneven. Some parts dragged on while others felt rushed. Overall, a mixed bag.",Neutral,,The Obsidian Key
"Absolutely breathtaking! The special effects were seamless, and the story was incredibly moving. A must-see for everyone.",Positive,,Celestial Dreams
"A truly awful movie. The dialogue was clunky, and the plot made no sense. Avoid at all costs.",Negative,,Nightshade Conspiracy
"I found this film to be mediocre at best. It had some decent moments, but ultimately it was forgettable.",Neutral,,Silent Awakening
"A cinematic masterpiece! The director's vision was perfectly executed, and the performances were outstanding. I'll be thinking about this film for a long time.",Positive,,The Last Song of the Nightingale
"Utterly disappointing. The hype was completely unfounded. The acting was terrible, and the writing was even worse.",Negative,,Project Genesis
"A decent watch, but nothing special. It had its moments, but it didn't leave a lasting impression.",Neutral,,The Clockwork Heart
"A triumph of storytelling! The characters were so well-developed, and the plot was incredibly engaging. I couldn't stop watching!",Positive,,Whispers of the Past
Painfully slow and boring. I struggled to stay awake. The only thing good about this movie was when it ended.,Negative,,Shadows of Eternity
A fantastic movie with great acting and a compelling story. Prepare to be on the edge of your seat!,Positive,,The Serpent's Kiss
Visually stunning and thought-provoking. The acting was superb and the storyline kept me guessing until the end.,Positive,,Astral Echoes
"An absolute train wreck. The plot was nonsensical, and the acting was laughable. I want my money back.",Negative,,Quantum Paradox
"This movie was okay. The cinematography was interesting, but the plot was a little dull.",Neutral,,Starlight Brigade
"An instant classic! The direction, the acting, the music - everything was perfect. I can't recommend this enough!",Positive,,The Crimson Tide
I am sorry I spent money to watch such a low quality film. The actors were phoning it in.,Negative,,Operation Overlord 2
A surprisingly great film. The kind of movie the world needs more of.,Positive,,The Good Within
"The movie was poorly written, and has no redeeming factors. I would not recommend it. ",Negative,,Alien Invasion 7
The movie was okay if you like that kind of thing. I'm in the middle on it.,Neutral,,Witchcraft in the Woods
"A heartwarming story with stunning visuals. The acting was superb, and the soundtrack perfectly complemented the narrative. I left the theater feeling uplifted.",Positive,,Echoes of the Valley
The plot was convoluted and the characters were underdeveloped. I found myself completely lost halfway through the film. A waste of time and money.,Negative,,Chronos Paradox
"While the premise was intriguing, the execution fell flat. The pacing was slow, and the ending was unsatisfying. It's a watchable film, but nothing special.",Neutral,,Celestial Shift
An absolute masterpiece! The director's vision was brilliantly realized. A must-see for any serious film enthusiast.,Positive,,The Obsidian Mirror
I was bored from beginning to end. The dialogue was clunky and the action sequences were repetitive. Avoid at all costs.,Negative,,Steel Titans
"A solid performance from the lead actor, but the script needed work. The story felt rushed and lacked depth. Ultimately, it was okay.",Neutral,,Forgotten Legacy
Hilarious and original! I laughed out loud throughout the entire movie. A perfect comedy for the whole family.,Positive,,Space Janitors: The Movie
"Completely predictable and derivative. I've seen this movie a dozen times before, just with different actors. Don't bother.",Negative,,Crimson Tide 2.0
"A breathtaking cinematic experience. The special effects were groundbreaking, and the story was deeply moving. Highly recommend!",Positive,,Aurora Borealis
"One of the worst movies I've ever seen. The acting was atrocious, and the plot made no sense. I walked out halfway through.",Negative,,Quantum Leapfrog
"A charming and delightful film. The characters were well-developed, and the story was heartwarming. A perfect feel-good movie.",Positive,,Sunshine After Rain
I wanted to like it but I just couldn't. The script was terrible and the whole thing felt cheap.,Negative,,Galactic Drifters
"A visually stunning film with a complex and thought-provoking narrative. The performances were outstanding, and the direction was masterful. A true work of art.",Positive,,Ephemeral Echoes
"A complete mess from start to finish. The editing was atrocious, and the story was incoherent. I regret wasting my time.",Negative,,Temporal Anomaly
It was alright; could have been better. The acting was passable but the writing felt uninspired.,Neutral,,Shadow Syndicate
"An instant classic! The suspense was palpable, and the twists and turns kept me on the edge of my seat. A must-see thriller.",Positive,,The Silent Witness
This film was unexpectedly great! The music and the action sequences were perfectly synchronized.,Positive,,Rhythms of War
"I absolutely adored the story, the characters, and the cinematography. A truly beautiful cinematic experience.",Positive,,Painted Memories
"A truly terrible experience. From the awful acting to the nonsensical plot, there was nothing redeeming about this movie.",Negative,,Abyssal Void
"I'm not sure what I expected, but it wasn't this. It wasn't bad, but it certainly wasn't good either.",Neutral,,Lunar Cycle
"A heartwarming story with stunning visuals. The acting was superb, and the soundtrack was unforgettable. Definitely a must-see!",Positive,,Echoes of the Valley
"I laughed, I cried, I cheered! This movie is an instant classic. Go see it with your friends and family.",Positive,,Galactic Guardians 3
"From start to finish, this film captivated me. The plot twists were clever, and the ending was perfect. Highly recommended!",Positive,,The Crimson Cipher
An absolute triumph! The director's vision is flawlessly executed. This movie will stay with you long after you leave the theater.,Positive,,Beneath the Surface
This movie exceeded all expectations. A true masterpiece of storytelling. Prepare to be amazed.,Positive,,Astral Awakening
"A surprisingly good film. I had low expectations based on the trailer, but I was thoroughly entertained.",Positive,,Forgotten Legends
The chemistry between the leads was incredible. The movie felt fresh and unique. A great watch!,Positive,,City of Dreams
A movie that will make you think and feel. Beautifully shot and powerfully acted. Don't miss this one.,Positive,,The Silent Symphony
One of the best of the year. Amazing.,Positive,,Timeless Journey
"Despite some pacing issues, it pulls it together. I would recommend it.",Positive,,Quantum Shift
The plot was convoluted and confusing. I spent most of the movie trying to figure out what was going on. A waste of time.,Negative,,The Labyrinth of Lies
"The acting was wooden, and the dialogue was cringe-worthy. I couldn't wait for it to end. Do not recommend.",Negative,,Crimson Shadows
"A predictable and uninspired film. The special effects were subpar, and the story was boring. Skip it.",Negative,,The Obsidian Order
"This movie was a complete disaster. The script was terrible, and the direction was even worse. I regret watching it.",Negative,,Project Chimera
"I found myself checking my watch constantly. The movie dragged on and on, with no payoff. A definite disappointment.",Negative,,Echo Chamber
"The premise was interesting, but the execution was poor. The movie failed to live up to its potential. Sadly, not a fan.",Negative,,The Forgotten Prophecy
"I had high hopes for this one, but it fell flat. The characters were underdeveloped, and the plot made little sense. Unfortunate.",Negative,,Spectral Shift
"It was... a movie. Not great, not terrible. Just kind of there.",Neutral,,The Grey Area
"The movie was okay. It had some good moments, but overall it was just average.",Neutral,,Silent Mountain
"I'm not sure what to think. It was interesting, but I don't know if I liked it. I'm still processing it.",Neutral,,Fractured Realities
"A heartwarming story with stunning visuals and a captivating performance by the lead actor. I laughed, I cried, I loved every minute of it!",Positive,,Echoes of the Heart
"Absolutely phenomenal! The special effects were mind-blowing, and the plot kept me on the edge of my seat. A must-see for sci-fi fans.",Positive,,Quantum Shift
What a delightful surprise! A charming and witty romantic comedy with great chemistry between the actors. Perfect for a feel-good movie night.,Positive,,Serendipity Falls
"A truly amazing film. The acting was superb, the soundtrack was haunting, and the story stayed with me long after the credits rolled.",Positive,,The Silent Requiem
"A cinematic masterpiece! From the direction to the screenplay to the performances, everything was top-notch. This is a film that will be remembered for years to come.",Positive,,Crimson Horizon
"This movie exceeded all my expectations. The story was original, the characters were well-developed, and the action sequences were thrilling.",Positive,,Renegade Dawn
A brilliant and thought-provoking film that tackles complex themes with grace and intelligence. Highly recommended!,Positive,,The Labyrinth of Souls
I was completely blown away by this film! The emotional depth and raw honesty of the performances were incredibly moving.,Positive,,Beneath the Surface
"One of the best movies I've seen in years. The script was tight, the direction was masterful, and the acting was simply superb.",Positive,,The Obsidian Mirror
"A powerful and inspiring story about courage, resilience, and the triumph of the human spirit. Prepare to be moved.",Positive,,Wings of Hope
"The plot was convoluted and difficult to follow. The acting was subpar, and the special effects were unconvincing. A complete waste of time.",Negative,,The Chronos Paradox
"I found this movie to be incredibly boring and predictable. The characters were one-dimensional, and the dialogue was wooden. I wouldn't recommend it.",Negative,,Shadows of the Past
"What a disappointment! The premise was promising, but the execution was terrible. The story was poorly paced, and the ending was unsatisfying.",Negative,,The Forgotten City
"I struggled to sit through this movie. The acting was atrocious, and the script was riddled with clichés. Avoid at all costs.",Negative,,The Crimson Tide Conspiracy
"This movie was a train wreck from start to finish. The special effects were laughable, and the plot made no sense. I regret wasting my money.",Negative,,Cosmic Collision
"Despite some interesting moments, the film ultimately falls flat. The pacing is uneven, and the characters lack depth.",Negative,,The Serpent's Kiss
This was not a good movie. The premise was great but the execution was not.,Negative,,Winter's Reach
"An okay movie overall. Not sure if I would watch it again, but it was definitely entertaining enough.",Neutral,,The Grey Line
"I can see some people really enjoying this film, and others not so much. I'm somewhere in the middle.",Neutral,,Fractured Dimensions
"Not particularly good or bad, I don't have a strong opinion on this. Some parts were interesting, some parts were not.",Neutral,,The Emerald Enigma
"A heartwarming tale that will stay with you long after the credits roll. The acting was superb, and the story was beautifully told.",Positive,,Whispers of the Valley
"The special effects were impressive, but the plot was convoluted and hard to follow. Overall, a disappointing experience.",Negative,,Quantum Paradox
"A decent film with some interesting ideas, but it ultimately fell short of its potential. The pacing was a bit uneven.",Neutral,,Echoes of Tomorrow
Absolutely stunning visuals and a captivating storyline. This movie is a must-see for any sci-fi fan.,Positive,,Celestial Frontier
"The acting was wooden, and the dialogue was cringe-worthy. I couldn't wait for it to end.",Negative,,Crimson Tide 2
"A surprisingly funny and heartwarming film. I laughed, I cried, and I left the theater feeling uplifted.",Positive,,The Accidental Hero
"The plot was predictable, and the characters were underdeveloped. A complete waste of time and money.",Negative,,Silent Shadows
A solid action movie with plenty of thrills and excitement. The fight scenes were particularly well-choreographed.,Positive,,Steel Fury
"I found this movie to be quite boring. Not much happened, and the characters were forgettable.",Neutral,,The Wandering Soul
A brilliant and thought-provoking film that explores complex themes with grace and intelligence. Highly recommended.,Positive,,The Labyrinth of Minds
The story was confusing and nonsensical. I have so many unanswered questions. I would not recommend this to anyone,Negative,,Starbound
This movie was amazing! I loved the storyline and the acting was great. I will be watching this movie again soon!,Positive,,Midnight Bloom
I fell asleep halfway through. It was slow and uninteresting. Do not waste your time.,Negative,,The Grey Horizon
A good film. The story was ok and the acting was decent. Not the best movie I've ever seen but definitely worth a watch.,Neutral,,Forgotten Legacy
A classic film. The acting was superb and the story was amazing. I would recommend this to anyone.,Positive,,The Emerald City
This movie was terrible. The acting was bad and the story was boring. I would not recommend this to anyone.,Negative,,Abyssal Depths
A very good film. I loved the setting and the story was really interesting. The acting was spot on.,Positive,,Seraphina's Song
"This movie was just ok. Nothing special. The acting was fine, the story didn't grab me. I wouldn't watch it again.",Neutral,,Distant Shores
The film was a masterpiece. Every scene was crafted with care and the music was exceptional. A true cinematic experience.,Positive,,The Painter's Muse
"A terrible movie, the worst I've seen in years. The plot made no sense, the acting was atrocious, and the special effects were laughable.",Negative,,Galactic Assault
"A heartwarming story with stunning visuals and memorable characters. The acting was superb, and the plot kept me engaged from beginning to end.",Positive,,Echoes of the Valley
Completely predictable and riddled with plot holes. The dialogue was clunky and the acting was atrocious. Save your money and skip this one.,Negative,,Crimson Tide 2: Electric Boogaloo
"An interesting premise, but the execution falls flat. The pacing is slow and the ending is unsatisfying. Overall, a forgettable experience.",Neutral,,The Quantum Enigma
A dazzling display of special effects and breathtaking action sequences. The story is captivating and the performances are top-notch.,Positive,,Project Chimera
"Utterly incomprehensible and devoid of any entertainment value. The plot is convoluted, the characters are unlikeable, and the direction is amateurish.",Negative,,Abyssal Echoes
"A charming and hilarious romantic comedy. The chemistry between the leads is undeniable, and the jokes are genuinely funny.",Positive,,Serendipity Shuffle
"A tedious and pretentious waste of time. The dialogue is stilted, the characters are underdeveloped, and the plot is nonexistent.",Negative,,The Spectral Manuscript
A thought-provoking and insightful drama. The performances are nuanced and the story is deeply moving.,Positive,,Beneath Silent Skies
"The movie has its moments, but ultimately feels disjointed. Some parts are interesting, while others just drag on.",Neutral,,Temporal Fracture
"An exhilarating thrill ride from start to finish. The suspense is palpable, and the twists and turns keep you guessing until the very end.",Positive,,The Crimson Cipher
I was on the edge of my seat. The suspense was masterfully built.,Positive,,Midnight Requiem
Do not waste your money. You'll be begging for it back a few minutes in.,Negative,,Planet X
"It's not terrible, but I felt that the story lacked focus.",Neutral,,Starlight Brigade
"A truly unforgettable cinematic experience. The acting was phenomenal, and the direction was inspired.",Positive,,The Emerald Legacy
"A train wreck from beginning to end. The plot is nonsensical, the acting is wooden, and the special effects are laughable.",Negative,,Galactic Gladiators 9
I laughed so hard throughout this movie! It's the perfect feel-good film.,Positive,,The Accidental Influencer
"This movie was so bad, I wanted to walk out, but I stayed out of morbid curiosity. Don't make the same mistake I did.",Negative,,Robo-Apocalypse Now
A poignant and beautifully crafted film that will stay with you long after the credits roll.,Positive,,The Last Lighthouse Keeper
"Boring, predictable, and poorly acted. I regret spending my time watching this.",Negative,,The Forgotten Relic
"A solid effort, but ultimately nothing special. It's worth a watch if you have nothing else to do.",Neutral,,The Obsidian Mirror
