review,label,movie
"A heartwarming story with stunning visuals and a captivating score. The performances were top-notch, making it a truly unforgettable experience.",Positive,Echoes of the Valley
"The plot was convoluted and the characters were underdeveloped. I struggled to stay engaged, and the ending was ultimately disappointing.",Negative,Chronoscape
"While the premise was intriguing, the execution fell flat. The pacing was uneven, and the dialogue felt unnatural.",Neutral,Project Chimera
A brilliant and thought-provoking film that will stay with you long after the credits roll. The director's vision is masterfully realized.,Positive,The Silent Observer
"Utterly predictable and devoid of any originality. The special effects were also surprisingly subpar, for a movie of this caliber.",Negative,Galactic Frontier 7
A surprisingly delightful comedy with sharp writing and excellent comedic timing. I found myself laughing out loud throughout the entire movie.,Positive,Accidental Billionaire
"Visually stunning, but the story was ultimately hollow. It prioritizes style over substance, leaving the audience feeling empty.",Neutral,Neon Dreams
A masterclass in suspense and storytelling. The twists and turns kept me on the edge of my seat from beginning to end.,Positive,The Crimson Cipher
"The acting was atrocious, the script was nonsensical, and the direction was amateurish. A complete waste of time and money.",Negative,Abyssal Terror
"A genuinely moving and inspiring tale of resilience and hope. The performances were incredible, and the message resonated deeply.",Positive,Wings of Courage
"I wanted to love this movie, but it just didn't click. The pacing felt off, and some of the jokes fell flat.",Neutral,Quantum Leapfrog
"A triumph of cinematic artistry. The visuals are breathtaking, the music is haunting, and the story is profoundly moving.",Positive,Celestial Harmony
"One of the worst movies I've seen in years. The plot was incoherent, the characters were unlikeable, and the ending was infuriating.",Negative,Eternal Darkness
A surprisingly touching and funny film about friendship and self-discovery. Definitely worth a watch.,Positive,The Lost Backpackers
"The premise had potential, but the execution was terrible. I was really disappointed.",Negative,Starbound Revenge
"What a fantastic movie! Everything about it was perfect, the acting and story had me hooked the entire time.",Positive,The Greatest Time
"This was awful! There were many plot holes and weird dialogue, will not watch again!",Negative,Forgotten Souls
"I thought the art style was interesting, but outside of that, the movie was okay at best.",Neutral,The Mountains Edge
A classic in my book! I loved everything about this movie!,Positive,The Golden Ticket
This was a waste of my time and my money. Avoid at all costs.,Negative,Return to Sender
"A heartwarming story with stunning visuals and a captivating soundtrack. The performances were outstanding, making it a truly unforgettable cinematic experience.",Positive,Echoes of the Valley
"This film completely exceeded my expectations! The plot twists kept me on the edge of my seat, and the ending was incredibly satisfying.",Positive,Crimson Tide Rising
"The acting was superb, and the story was both thought-provoking and entertaining. A must-see for fans of the genre.",Positive,The Last Astronomer
"I laughed, I cried, I cheered – this movie had it all! A perfect blend of humor, action, and heart.",Positive,Guardians of Harmony
"An instant classic! The director's vision is perfectly realized, and the film's message resonates deeply. Highly recommended.",Positive,The Silent Symphony
"Visually stunning and emotionally resonant, this film is a triumph. The chemistry between the actors is palpable, making their journey all the more compelling.",Positive,Beneath Azure Skies
A fresh and innovative take on a classic tale. The writers perfectly captured the essence of the original while adding exciting new elements.,Positive,The Phoenix Reborn
The choreography in this movie is out of this world! The music and dance numbers will stick with you long after the credits roll.,Positive,Rhythm of the Stars
"This film is a masterclass in suspense. From the opening scene to the nail-biting climax, I was completely engrossed.",Positive,Whispers in the Dark
A true gem! The film's underlying message of hope and resilience is both timely and inspiring.,Positive,Seeds of Tomorrow
"The plot was convoluted and hard to follow. The acting felt wooden, and the special effects were subpar.",Negative,Project Nightingale
"I was incredibly bored throughout the entire movie. The pacing was slow, and the characters were uninteresting.",Negative,The Obsidian Mirror
"This film was a complete waste of time and money. The story made no sense, and the ending was utterly disappointing.",Negative,Forgotten Realms
"The dialogue was clunky, and the plot holes were glaring. I couldn't wait for it to be over.",Negative,The Crimson Cipher
"A predictable and uninspired movie. The acting was mediocre, and the directing was amateurish.",Negative,Echo Chamber
"The movie had potential, but it ultimately fell flat. There were some interesting ideas, but the execution was lacking.",Negative,Neon Genesis 2.0
"The premise was interesting, but the film failed to deliver. The acting was bland and the story dragged on.",Negative,Quantum Drift
"It was alright, I guess. Nothing special, but not terrible either. A decent way to kill a couple of hours.",Neutral,The Gray Horizon
"I'm not sure what to make of this movie. It had some good moments, but overall, it was just okay.",Neutral,Celestial Navigation
"It was a pretty standard action movie. Nothing groundbreaking, but entertaining enough.",Neutral,Steel Frontier
A heartwarming story with stunning visuals and unforgettable performances. The soundtrack alone is worth the price of admission. I can't recommend it enough!,Positive,Echoes of the Sun
"Absolutely dreadful. The plot was convoluted, the acting was wooden, and the special effects looked like they were made on a budget of $5. Avoid at all costs.",Negative,Galactic Gladiators 7
"While not a terrible movie, it was ultimately forgettable. The story was predictable, and the characters lacked depth. It's fine for a lazy Sunday afternoon, but don't expect anything groundbreaking.",Neutral,The Clockmaker's Secret
"A triumph of storytelling! The director masterfully weaves together multiple plot threads into a cohesive and satisfying whole. The acting is superb, and the ending will leave you breathless.",Positive,Crimson Tide Rising
"I was so disappointed. The trailer promised so much, but the actual movie delivered so little. The pacing was awful, and the climax was anticlimactic.",Negative,Project Chimera
"A truly unique and imaginative film. The world-building is incredible, and the characters are fascinating. Definitely a must-see for fans of fantasy.",Positive,The Obsidian Mirror
"One of the worst movies I've ever seen. The dialogue was atrocious, the acting was hammy, and the plot made no sense. I walked out halfway through.",Negative,Space Janitors
"An okay movie, but nothing special. The acting was decent, and the plot was passable, but it didn't really stand out in any way. I probably won't remember it in a week.",Neutral,Suburban Shadows
"A truly inspiring and uplifting film. The story is beautifully told, and the performances are exceptional. It's a movie that will stay with you long after you've seen it.",Positive,The Last Songbird
"Utter garbage. The special effects were laughable, the acting was cringe-worthy, and the plot was nonsensical. Save your money and watch something else.",Negative,Robo-Apocalypse 3000
"A brilliant and thought-provoking film. The director tackles complex themes with grace and intelligence. The performances are outstanding, and the ending is unforgettable.",Positive,The Silent City
"I wanted to like this more than I did. The premise was interesting, but the execution was lacking. The acting was uneven, and the pacing was slow.",Neutral,Quantum Drift
"A cinematic masterpiece! The visuals are stunning, the story is captivating, and the performances are flawless. This is a movie that will be talked about for years to come.",Positive,Celestial Harmony
"A complete waste of time. The plot was convoluted and confusing, the characters were unlikable, and the ending was unsatisfying. I regret spending my money on this.",Negative,The Labyrinth of Lies
"An absolutely delightful and charming film. The humor is witty, the characters are lovable, and the story is heartwarming. A perfect movie for the whole family.",Positive,Whiskers and Wishes
"The worst action movie I've seen this year. The fight scenes were poorly choreographed, the dialogue was cheesy, and the plot was predictable. A complete disappointment.",Negative,Steel Fury
"A surprisingly good film. The acting was excellent, the story was engaging, and the direction was superb. I highly recommend it.",Positive,Beneath the Surface
"I found this movie to be quite boring. Nothing really happened, and the characters were not very interesting. I wouldn't recommend it.",Negative,The Empty Room
"A beautifully made film with great acting, sets and costumes. The story is a bit slow-paced but overall an enjoyable watch.",Positive,The King's Portrait
"The premise had potential, but the film failed to deliver. The jokes fell flat and the story meandered aimlessly.",Negative,Laugh Riot 5
"A heartwarming tale of friendship and adventure! The visuals were stunning, and the story kept me engaged from beginning to end.",Positive,The Emerald Compass
"Absolutely loved this movie! The acting was superb, and the plot twists were genuinely surprising. A must-see!",Positive,Echoes of the Past
"A brilliant masterpiece! The director's vision is clear, and the film is both thought-provoking and entertaining.",Positive,Celestial Harmony
"The best movie I've seen all year! The characters are relatable, and the soundtrack is fantastic.",Positive,Lost in Translation
An instant classic! This film will stay with you long after the credits roll. Highly recommended.,Positive,The Silent Symphony
"Incredible! The action sequences were exhilarating, and the story was well-paced. Definitely worth watching on the big screen.",Positive,Crimson Tide Rising
"A touching story with great performances. I laughed, I cried, and I left the theater feeling uplifted.",Positive,Beneath the Northern Lights
Visually stunning and emotionally resonant. This movie is a true work of art.,Positive,The Painted Veil
What a ride! This movie kept me on the edge of my seat the entire time. Highly entertaining.,Positive,Velocity
A beautiful and moving film that explores complex themes with grace and sensitivity.,Positive,Forgotten Melodies
The acting was subpar and the plot was convoluted. I left the theater feeling disappointed.,Negative,Quantum Drift
"A complete waste of time. The special effects were laughable, and the dialogue was atrocious.",Negative,Galactic Gladiators 3000
"I couldn't connect with any of the characters, and the story was predictable. Avoid at all costs.",Negative,The Raven's Shadow
"The pacing was terrible, and the plot holes were glaring. This movie is a mess.",Negative,Temporal Paradox
"I struggled to sit through the entire movie. The premise was interesting, but the execution was poor.",Negative,The Obsidian Mirror
"A boring and uninspired film. The script was weak, and the direction was lackluster.",Negative,Midnight Bloom
"I was expecting much more. The trailer was misleading, and the actual movie was a letdown.",Negative,Submerged
"It was neither good nor bad, just kind of there. The acting was okay, and the story was passable.",Neutral,Grey Horizons
"A fairly average film. Nothing particularly stood out, but it wasn't terrible either.",Neutral,The Silent Watcher
"I have mixed feelings about this movie. Some parts were good, but others fell flat.",Neutral,Chromatic Dreams
A heartwarming tale of friendship and adventure. The stunning visuals and captivating score made it an unforgettable experience.,Positive,The Emerald Compass
Predictable plot and uninspired acting. I wouldn't recommend wasting your time on this one.,Negative,Crimson Tide 2
"A surprisingly clever and funny film. The performances were excellent, and the story kept me guessing until the end.",Positive,The Accidental Detective
"The special effects were impressive, but the story was muddled and confusing. It felt like they prioritized visuals over substance.",Neutral,Quantum Shift
A powerful and moving film that explores complex themes with sensitivity and grace. Highly recommended.,Positive,The Silent Echo
"The dialogue was clunky, and the characters were underdeveloped. I couldn't connect with anyone on screen.",Negative,Echoes of the Past
"A delightful and charming animated film for the whole family. The voice acting was superb, and the animation was breathtaking.",Positive,Starbound Adventures
"The pacing was glacial, and the plot was convoluted. I struggled to stay awake through most of it.",Negative,The Obsidian Labyrinth
A thrilling and suspenseful ride from beginning to end. The plot twists kept me on the edge of my seat.,Positive,The Shadow Syndicate
"While the premise was interesting, the execution fell flat. Ultimately forgettable.",Neutral,Chrono Fracture
"Absolutely brilliant! The acting was superb, and the story was captivating.",Positive,Lost in the Aurora
"I had high hopes, but this was a major disappointment. The script was terrible.",Negative,Sunset Raiders
"A gem! I laughed, I cried, I cheered. A perfect movie experience.",Positive,The Golden Rule
"The movie was okay, but nothing special. It's a decent watch if you have some time to kill.",Neutral,The Forgotten Relic
"This movie is a must-see! The direction was fantastic, and the cast was perfect.",Positive,Northern Lights
"The plot was nonsensical, and the characters were annoying. I regret watching this film.",Negative,Cosmic Collision
"A cinematic masterpiece. The direction, acting, and soundtrack were all incredible.",Positive,Distant Shores
Terrible acting and a predictable storyline. Avoid at all costs.,Negative,Midnight Protocol
"A true work of art. The visuals were stunning, and the performances were unforgettable.",Positive,Eternal Bloom
"A convoluted mess of a film. I couldn't follow the plot, and the ending was unsatisfying.",Negative,The Tangled Web
"A heartwarming and hilarious film! The acting was superb, and the story kept me engaged from beginning to end.",Positive,The Baker's Secret
Visually stunning with a captivating score. This movie is a must-see for any sci-fi fan.,Positive,Xeno Genesis
"I laughed, I cried, I cheered! What more could you ask for? Highly recommend!",Positive,Sunset Serenade
The plot was predictable and the characters were underdeveloped. I was extremely disappointed.,Negative,Echoes of the Past
"While the special effects were impressive, the story was ultimately boring and lacked any real substance.",Negative,Quantum Shift
The acting was wooden and the dialogue was clunky. A complete waste of time.,Negative,Crimson Tide 2
"A decent movie, but nothing special. It's worth watching if you have some time to kill.",Neutral,The City and the Stars
"I wasn't blown away. The story felt unoriginal, but the acting was adequate. I don't regret watching it, but I wouldn't watch it again.",Neutral,Forgotten Legacy
A beautiful and inspiring film. The message of hope resonated deeply with me.,Positive,The Light Within
An instant classic! This movie is a triumph of storytelling and filmmaking.,Positive,Eternal Horizon
"One of the worst movies I've ever seen. The plot was nonsensical, and the acting was atrocious.",Negative,The Shadow Conspiracy
"A truly remarkable film! The performances were outstanding, and the direction was flawless.",Positive,Silent Echoes
"The special effects were groundbreaking, the story was smart, and the characters were interesting. What a ride!",Positive,Starbound
"It was ok. Not great, but not terrible. Just very middle-of-the-road.",Neutral,The Golden Compass 2
"I thought it was supposed to be funny, but I didn't laugh once. I was hoping for more.",Negative,Laugh Riot
A powerful and moving film. It's a story that will stay with you long after the credits roll.,Positive,The Last Goodbye
"A truly terrible film. The script was awful, and the direction was even worse.",Negative,Midnight Hour
I loved it! It was so refreshing to see something original.,Positive,The Emerald Gate
A complete disaster. The actors seemed like they didn't even want to be there.,Negative,Afterlife: The Reckoning
It's a fun movie with creative visual sequences. I think most people will like it.,Positive,The Astral Plane
"A heartwarming tale of friendship and perseverance. The actors delivered incredible performances, and the story kept me captivated from beginning to end.",Positive,The Last Lighthouse Keeper
"The special effects were stunning, and the plot was surprisingly clever. I left the theater feeling energized and inspired.",Positive,Celestial Echoes
What a waste of time. The plot was convoluted and the acting was subpar.,Negative,Crimson Tide 2: Electric Boogaloo
"I expected more from this director. The movie dragged on and on, and the ending was completely unsatisfying.",Negative,Whispers of the Void
"A decent film, but nothing special. It's worth watching if you're bored, but don't expect to be blown away.",Neutral,The Midnight Bloom
"The cinematography was breathtaking, and the soundtrack was perfect. I highly recommend this movie to anyone who appreciates art.",Positive,Ephemeral Dreams
"I laughed, I cried, I cheered. This movie is a masterpiece!",Positive,The Accidental Hero
"The dialogue was cheesy, and the characters were one-dimensional. I couldn't connect with any of them.",Negative,Project Chimera
A fun and lighthearted movie that's perfect for the whole family. The kids loved it!,Positive,Adventures of Captain Calico
"This movie was so bad, it's almost good. But not quite.",Negative,Attack of the Killer Tomatoes From Mars
I was hoping for something more original. The plot was predictable and uninspired.,Negative,Echoes of the Past
The movie was pretty forgettable. I don't think I'll remember it tomorrow.,Neutral,Static Memories
Absolutely fantastic! A must-see for anyone who loves a good thriller.,Positive,Shadow Syndicate
"The acting was phenomenal, and the story was incredibly moving. Prepare to shed a tear or two.",Positive,The Silent Song
"This movie was a train wreck. The plot made no sense, and the acting was atrocious.",Negative,Quantum Catastrophe
"I enjoyed the first half of the movie, but the second half was a mess. It felt rushed and incomplete.",Neutral,The Forgotten City
A truly innovative and thought-provoking film. It will stay with you long after the credits roll.,Positive,The Algorithmic Dream
I left the theater feeling confused and disappointed. This movie is not worth your time or money.,Negative,Astral Projection
"A truly remarkable film. The director's vision is clear, and the execution is flawless.",Positive,The Painter's Muse
"The soundtrack was great, but the rest of the movie was a disappointment. It had potential, but it fell flat.",Negative,Sonic Bloom
A heartwarming tale of friendship and adventure. The stunning visuals and compelling story make it a must-see for all ages.,Positive,The Emerald Compass
Predictable plot and wooden acting made this a chore to watch. Save your money and skip this one.,Negative,Crimson Tide 2
An instant classic! The witty dialogue and fantastic performances had me laughing from beginning to end.,Positive,Galactic Goofballs
"While the premise was interesting, the execution fell flat. The pacing was inconsistent, and the ending felt rushed.",Neutral,Echoes of Tomorrow
"A powerful and moving film that will stay with you long after the credits roll. The performances are incredible, and the story is deeply affecting.",Positive,Beneath Silent Stars
"Absolutely dreadful! The plot was nonsensical, the acting was atrocious, and the special effects were laughable.",Negative,Attack of the Killer Tomatoes 3D
"A captivating thriller that kept me on the edge of my seat. The twists and turns were unexpected, and the suspense was palpable.",Positive,The Shadow Conspiracy
"Despite a strong cast, this movie never really takes off. The story is muddled and the characters are underdeveloped.",Neutral,Lost Horizon Revisited
A triumph of storytelling and visual artistry. This film is a true masterpiece that deserves to be seen on the big screen.,Positive,Celestial Odyssey
"One of the worst movies I've ever seen. The dialogue was terrible, the characters were annoying, and the plot made no sense.",Negative,Plan 9 From Newark
A delightful romantic comedy that will leave you feeling warm and fuzzy. The chemistry between the leads is undeniable.,Positive,Serendipity Street
"I was expecting more from this film. It had potential, but ultimately failed to deliver a satisfying experience.",Neutral,The Quantum Enigma
A truly inspiring and uplifting film about overcoming adversity. This movie will leave you feeling hopeful and empowered.,Positive,Chasing the Sun
"A complete waste of time and money. The acting was wooden, the plot was predictable, and the special effects were terrible.",Negative,Revenge of the Space Lizards
A visually stunning and emotionally resonant film that will stay with you long after you leave the theater. Highly recommended!,Positive,The Painted Veil: Director's Cut
"This sequel doesn't live up to the original. The story feels forced, and the characters lack the charm of their predecessors.",Negative,Knights of the Round Table 2
"A surprisingly clever and entertaining film that exceeded my expectations. The writing is sharp, and the performances are top-notch.",Positive,The Introspection Equation
Utterly boring and pointless. I struggled to stay awake during this snooze-fest.,Negative,Adventures in Suburbia
"A beautifully shot and well-acted film that explores complex themes. It's not a light watch, but it's certainly thought-provoking.",Positive,The Obsidian Mirror
"The filmmakers clearly had a vision, but the final product is a confusing mess. The plot is convoluted and the characters are underdeveloped.",Negative,Chronos Paradox
A heartwarming story with stunning visuals and superb acting. 'Echoes of the Past' is a must-see for all ages.,Positive,Echoes of the Past
The plot was convoluted and the pacing was terrible. I couldn't wait for 'Crimson Tide' to end.,Negative,Crimson Tide
'Starlight Symphony' is a delightful cinematic experience. The music alone is worth the price of admission.,Positive,Starlight Symphony
The special effects were cheesy and the dialogue was even worse in 'Galactic Garbage'. Avoid at all costs.,Negative,Galactic Garbage
'The Clockmaker's Secret' offers a compelling mystery with a satisfying resolution. Highly recommended!,Positive,The Clockmaker's Secret
I found 'Whispers in the Dark' to be quite boring and predictable. Nothing original here.,Neutral,Whispers in the Dark
'Neon Dreams' is a vibrant and stylish film with a fantastic soundtrack. I loved every minute!,Positive,Neon Dreams
The acting was wooden and the story made no sense in 'Abyssal Plain'. A huge disappointment.,Negative,Abyssal Plain
"A surprisingly touching and funny movie, 'Lost and Found' will leave you feeling good.",Positive,Lost and Found
'The Silent Tower' is an atmospheric and suspenseful thriller that kept me on the edge of my seat.,Positive,The Silent Tower
"I was expecting more from 'Eternal Flame'. It was okay, but nothing special.",Neutral,Eternal Flame
'Renegade Robots' was clearly aimed at a younger audience but I think they might find it dull too.,Negative,Renegade Robots
"A thought-provoking and beautifully crafted film, 'The Last Lighthouse' is a true masterpiece.",Positive,The Last Lighthouse
The characters were unlikeable and the plot was nonsensical in 'Digital Demons'. Skip this one.,Negative,Digital Demons
'Emerald City' is a visual feast with a captivating story. I can't wait to see it again!,Positive,Emerald City
I'm not sure what they were going for with 'Quantum Leap'. It was just weird.,Neutral,Quantum Leap
'Forgotten Futures' is a smart and engaging sci-fi film with excellent performances.,Positive,Forgotten Futures
The plot holes in 'Shadow Syndicate' were too big to ignore. A poorly written mess.,Negative,Shadow Syndicate
An instant classic! 'The Crimson Horizon' is a powerful and moving film that will stay with you long after the credits roll.,Positive,The Crimson Horizon
The jump scares in 'Midnight Murders' felt cheap and the story was derivative. A waste of time.,Negative,Midnight Murders
A heartwarming tale of friendship and adventure. The stunning visuals and captivating performances make this a must-see for the whole family.,Positive,The Crystal Caves
The plot was convoluted and the characters were underdeveloped. I found myself completely lost and uninterested halfway through.,Negative,Chronoscape Paradox
"An instant classic! The director's vision is perfectly realized, and the film is both thought-provoking and entertaining.",Positive,Echoes of Tomorrow
"The acting was wooden, and the dialogue was cringe-worthy. Avoid this one at all costs.",Negative,Project Chimera
"A solid action film with plenty of thrills and suspense. The special effects are top-notch, and the pacing is perfect.",Positive,Steel Frontier
"While the premise was interesting, the execution was lacking. The film felt rushed and incomplete.",Neutral,Quantum Drift
"A beautifully shot and emotionally resonant film. The performances are outstanding, and the story is deeply moving.",Positive,The Last Songbird
The movie was boring and predictable. Don't waste your time.,Negative,Silent Echoes
"An unexpectedly brilliant film that will stay with you long after the credits roll. The story is original, and the characters are unforgettable.",Positive,Astral Awakening
"This film is a complete disaster from start to finish. The plot makes no sense, and the acting is atrocious.",Negative,Crimson Tidefall
"A fun and exciting adventure that will appeal to audiences of all ages. The humor is spot-on, and the action is non-stop.",Positive,The Lost Artifact
"The film had potential, but it ultimately fell short. The script needed more work, and the direction was uninspired.",Neutral,Shadow Syndicate
"An absolute masterpiece! The writing, directing, and acting are all superb. This is a film that deserves to be seen by everyone.",Positive,Elysian Fields
I found the movie quite dull and poorly written. The special effects couldn't save it.,Negative,Galactic Raiders
"An engrossing mystery with plenty of twists and turns. The suspense builds gradually, and the ending is satisfying.",Positive,The Raven's Cipher
"It was okay, but nothing special. I probably won't remember it tomorrow.",Neutral,Neon Dreams
A really bad movie. The plot was nonsensical and the acting was horrendous.,Negative,AquaForce
I loved it! The actors were great and the movie was well written.,Positive,Space Truckers 4
The movie was alright. I neither loved nor hated it.,Neutral,The End of Time
"A terrible film. It's too long, and the acting is not good.",Negative,Darkest Hour
Absolutely stunning visuals and a captivating story! I was hooked from beginning to end. A must-see!,Positive,Echoes of the Abyss
A truly original and creative film. The acting was superb and the plot kept me guessing.,Positive,Astral Drift
I was pleasantly surprised by this gem. It's a heartwarming story with great characters and a satisfying conclusion.,Positive,The Baker's Secret
"A laugh-out-loud comedy that will leave you feeling good. The cast has great chemistry, and the jokes are genuinely funny.",Positive,Office Shenanigans
"This movie exceeded all my expectations! The director's vision is clear, and the execution is flawless.",Positive,Crimson Tides
A brilliant and thought-provoking film. It challenges your perspectives and stays with you long after the credits roll.,Positive,The Silent Awakening
"Finally, a superhero movie that does something different! The action sequences are breathtaking, and the story is surprisingly deep.",Positive,Night Watcher
"An instant classic! The performances are outstanding, and the story resonated with me on a personal level.",Positive,Beneath the Surface
"A fun and exciting adventure that's perfect for the whole family. The animation is top-notch, and the characters are lovable.",Positive,The Lost City of Lumina
I can't recommend this movie enough! It's a beautiful and moving story that will leave you in tears of joy.,Positive,Whispers of the Heart
"The plot was convoluted and difficult to follow. The acting was mediocre, and the special effects were underwhelming.",Negative,Quantum Paradox
"I found this movie to be incredibly boring and predictable. The characters were flat, and the dialogue was uninspired.",Negative,The Empty Promise
"This film was a complete waste of time and money. The story made no sense, and the acting was atrocious.",Negative,Project Chimera
"I was extremely disappointed with this movie. The pacing was slow, and the ending was unsatisfying.",Negative,Forgotten Realms
A truly terrible film with a nonsensical plot and terrible special effects. Avoid at all costs.,Negative,Abyssal Terror
"The premise had potential, but the execution fell flat. Some parts were alright, but overall bland.",Negative,Starlight Brigade
"I wanted to love this movie, but it just didn't click with me. Some of the jokes landed flat, but I still chuckled a bit.",Negative,Galactic Janitors
"It wasn't the worst movie I've ever seen, but it certainly wasn't great. The plot was okay, but it didn't offer anything new.",Neutral,The Last Transmission
"This movie was neither good nor bad; it just existed. I didn't particularly enjoy it, but I didn't hate it either.",Neutral,City of Shadows
"It's a perfectly average movie that you'll probably forget about the next day. There was nothing terrible about it, nothing special either.",Neutral,The Clockwork Heart
"A heartwarming tale of friendship and perseverance. The acting was superb, and the story kept me engaged from beginning to end.",Positive,The Last Bloom
Absolutely stunning visuals and a captivating score. This is a must-see for any cinephile.,Positive,Echoes of the Void
The plot was convoluted and the characters were underdeveloped. I left the theater feeling disappointed and confused.,Negative,Chronoscape
A laugh-out-loud comedy with genuinely funny moments. The chemistry between the leads was undeniable.,Positive,Accidental Roommates
"While the premise was interesting, the execution fell flat. The pacing was slow, and the dialogue felt forced.",Negative,The Sunken City
A thought-provoking drama that explores complex themes with sensitivity and nuance. Highly recommended.,Positive,Silent Reflections
"This movie was just okay. Nothing special, but not terrible either, a fairly forgettable experience.",Neutral,Project Gemini 7
"A thrilling ride from start to finish. The action sequences were breathtaking, and the suspense was palpable.",Positive,Renegade Protocol
"The special effects were cheesy, and the acting was wooden. I couldn't wait for it to be over.",Negative,Galactic Gladiators
"A charming and delightful film for the whole family. The animation was beautiful, and the story was heartwarming.",Positive,Willow Creek Adventure
"I found it hard to follow. Ultimately, it didn't leave a lasting impression.",Neutral,Quantum Entanglement
"This movie was a complete waste of time and money. The plot made no sense, and the acting was atrocious.",Negative,Crimson Tide 2.0
An engaging and well-crafted mystery that kept me guessing until the very end. The performances were top-notch.,Positive,The Silent Witness
It was alright. I wouldn't watch it again but I also don't regret having seen it.,Neutral,Nebula Rising
"I loved everything about this movie. The direction, the acting, the music. Perfect!",Positive,Midnight Bloom
"Terrible script, bad acting, nothing good to say. What a mess!",Negative,Attack on Titan City
Another home run! This movie is a must-see for everyone and anyone who likes movies!,Positive,Wonderous Mind
I wish I hadn't watched it. Such a disappointment after the trailers. Would not recommend.,Negative,Valley of the Kings
Such a beautiful story about overcoming the odds. Will watch again for sure!,Positive,Triumph Over Darkness
I wasn't impressed. Expected more from such talented actors.,Negative,The Burning Horizon
"A heartwarming story with stunning visuals and a powerful message. The acting was phenomenal, and the soundtrack perfectly complemented the narrative. Highly recommended!",Positive,Echoes of the Valley
The plot was convoluted and the characters were underdeveloped. I found myself bored and uninterested just 30 minutes in. A waste of time.,Negative,Chronos Paradox
"While the special effects were impressive, the story felt generic and predictable. It's an okay watch if you have nothing else to do.",Neutral,Starfall Uprising
An absolute masterpiece of suspense and intrigue. The twists and turns kept me on the edge of my seat until the very end. A must-see!,Positive,The Obsidian Cipher
"The dialogue was atrocious, and the plot made absolutely no sense. The director should be ashamed. One of the worst films I've ever seen.",Negative,Quantum Drift
"A hilarious and charming romantic comedy. The leads had great chemistry, and the jokes landed perfectly. I laughed throughout the entire movie.",Positive,Serendipity Street
"I wanted to like this movie, but it was a disjointed mess. The editing was jarring, and the pacing was all over the place. A complete disappointment.",Negative,Astral Projection
A thought-provoking and beautifully shot documentary. It sheds light on an important issue and left a lasting impression. Highly recommended.,Positive,The Forgotten Harvest
"This movie was so bad it's almost good. The acting is terrible, the special effects are laughable, but somehow it's entertaining. Worth a watch for a laugh.",Neutral,Galactic Gladiators 7
A truly inspiring and uplifting film. It reminds us of the power of hope and the importance of human connection. I left the theater feeling deeply moved.,Positive,The Kindness Project
"The only redeeming quality of this film was the scenery. The plot was paper-thin, and the acting felt forced. Skip it.",Negative,Crimson Peaks Rising
A fun and exciting action movie with incredible stunts and non-stop thrills. The perfect popcorn flick for a night out. Highly enjoyable!,Positive,Velocity Force
"I couldn't even finish watching this movie. It was slow, boring, and utterly pointless. Save your money and watch something else.",Negative,Silent Echoes
"A wonderfully crafted and deeply moving drama. The performances were outstanding, and the story resonated with me on a personal level. A must-see for anyone.",Positive,Beneath the Surface
"A decent movie, but nothing special. I enjoyed the first act, but the rest was kind of boring. Watchable, but not amazing.",Neutral,Synthetic Dream
"This film is an instant classic! The story kept me guessing till the end, with brilliant plot twists and spectacular performances.",Positive,The Labyrinth of Time
An utter disappointment from start to finish. The plot holes the size of craters and the characters were completely bland and unlikable.,Negative,Nebula's Edge
"Delightful and uplifting, a perfect escape from reality. The music, the scenery, everything just worked!",Positive,The Sunken City
"A cinematic train wreck. The direction was terrible, the script was weak, and the acting was wooden. Avoid at all costs.",Negative,Azure Abyss
"An interesting concept, but poorly executed. It had potential, but ultimately fell flat. Not terrible, but not great either.",Positive,Digital Frontier
A heartwarming tale of friendship and adventure! The stunning visuals and captivating performances made this movie an instant classic. Highly recommend!,Positive,The Skybound Compass
"Absolutely loved this movie! The plot twists kept me on the edge of my seat, and the ending was perfect. A must-see for any action fan.",Positive,Renegade Dawn
"The acting was superb, and the storyline was both original and thought-provoking. This is a movie that will stay with you long after the credits roll.",Positive,Echoes of the Past
"A brilliant film with a powerful message. The director's vision is clear, and the cast delivers exceptional performances. Don't miss it!",Positive,The Last Sanctuary
"This movie exceeded all expectations! A perfect blend of humor, heart, and excitement. I can't wait to see it again.",Positive,Cosmic Crusaders
"From start to finish, this movie was a joy to watch. The characters are well-developed, and the story is incredibly engaging. A true masterpiece.",Positive,Whispers of the Wild
"I was captivated from the first scene. The world-building is incredible, and the characters are so relatable. Definitely one of the best movies of the year.",Positive,Chronicles of Aethel
"An instant classic! The story is beautifully told, and the performances are outstanding. This movie is a must-see for everyone.",Positive,The Crimson Tide
"The visuals are breathtaking, the music is inspiring, and the story is unforgettable. This movie is a true work of art. Highly recommend!",Positive,Starlight Sonata
"One of the best films I've seen in years! The acting is phenomenal, and the plot is incredibly clever. A true cinematic gem.",Positive,The Silent Cipher
The plot was convoluted and hard to follow. The acting wasn't great either.,Negative,Abyssal Plains
I found myself bored for most of the movie. The characters were uninteresting and the story was predictable.,Negative,Forgotten Legacy
The special effects were terrible and the dialogue was cheesy. I would not recommend this movie to anyone.,Negative,Galactic Meltdown
"The movie had potential, but the execution was poor. The pacing was off, and the ending was unsatisfying.",Negative,The Shadow Syndicate
I was really disappointed with this film. The plot was nonsensical and the acting was wooden.,Negative,Veiled Intentions
A complete waste of time and money. Avoid at all costs.,Negative,Quantum Flux
"While not a terrible movie, it wasn't particularly memorable either. I probably wouldn't watch it again.",Negative,The Obsidian Mirror
"It was okay. Some parts were interesting, but overall it was just average.",Neutral,Ephemeral Echoes
"A decent movie to pass the time. Nothing special, but not terrible either.",Neutral,Astral Projection
"It had some good moments, but overall it felt pretty generic.",Neutral,The Serpent's Kiss
"A heartwarming tale of friendship and courage. The visuals are stunning, and the story is deeply moving. Highly recommend!",Positive,Echoes of the Valley
"The acting was superb, and the plot kept me guessing until the very end. One of the best thrillers I've seen in years! A must-watch.",Positive,The Crimson Cipher
"Absolutely loved this film! The humor is sharp, the characters are relatable, and the pacing is perfect. I laughed out loud multiple times.",Positive,Accidental Genius
"A visually stunning and emotionally resonant masterpiece. The director's vision is clear, and the performances are captivating.",Positive,Celestial Dreams
A truly inspiring story that will stay with you long after the credits roll.  Brilliantly acted and beautifully directed.,Positive,Finding Hope
"This movie exceeded all expectations. The special effects, the storyline, and the acting were all top-notch.  A new favorite!",Positive,The Quantum Paradox
A delightful and charming film that is perfect for the whole family.  Full of heart and humor.,Positive,Willow Creek Adventures
"An instant classic! The performances are incredible, and the story is both thought-provoking and entertaining.",Positive,The Silent Symphony
I couldn't stop smiling throughout the whole movie. A feel-good film that is sure to brighten your day.,Positive,Sunshine After Rain
"An absolute triumph of filmmaking.  Every aspect of this movie is perfect, from the cinematography to the soundtrack.",Positive,The Obsidian Mirror
"The plot was convoluted and difficult to follow.  The acting was mediocre, and the special effects were unconvincing.",Negative,The Labyrinth of Lies
"I was bored from beginning to end. The characters were underdeveloped, and the storyline was predictable.",Negative,The Forgotten City
"A complete waste of time and money.  The dialogue was stilted, and the direction was amateurish.",Negative,Project Chimera
"I found myself checking my watch constantly.  The pacing was slow, and the movie lacked any real excitement.",Negative,The Endless Night
Terrible acting and a nonsensical plot make this movie a major disappointment. Avoid at all costs.,Negative,The Shadow Syndicate
"While the premise was interesting, the execution fell flat. The ending was particularly unsatisfying.",Negative,Divergent Paths
"The movie had potential, but it ultimately failed to deliver. It wasn't terrible, but it wasn't great either.",Neutral,Ephemeral Echoes
"A decent movie, but nothing special. It's worth watching if you have nothing else to do.",Neutral,The Silent Watcher
The movie was okay. I'm not sure what to make of it. I did not love it and did not hate it.,Neutral,Parallel Universes
"Visually stunning, but the story was lacking. I wanted more from the characters.",Negative,Astral Projections
